date,solo_travel,age,trip_count,travel_reason,trip_enjoyment,spontaneity,next_destination,enjoyment_rate
2024-09-21 05:11:46,true,35-44,10+,Budget-friendly,Meeting new people,5,false,6
2024-09-30 06:02:36,true,55+,2-5,Adventure,Meeting new people,10,false,2
2024-07-17 23:45:07,false,45-54,2-5,Budget-friendly,Personal growth,7,false,10
2024-09-14 11:19:41,true,Under 25,6-9,Self-discovery,Practicing a new language,4,true,2
2024-03-06 03:58:31,true,45-54,10+,Cultural Immersion,Exploring new places,7,false,4
2024-07-03 08:02:19,true,35-44,2-5,Self-discovery,Meeting new people,9,true,6
2025-01-15 22:45:49,false,Under 25,10+,Relaxation,Exploring new places,4,false,10
2025-01-26 20:41:57,false,25-34,6-9,Self-discovery,Exploring new places,7,false,6
2024-11-22 05:38:44,false,55+,0-1,Self-discovery,Exploring new places,9,true,2
2024-05-11 02:50:26,false,35-44,10+,Relaxation,Exploring new places,7,false,5
2025-01-26 05:26:18,true,Under 25,2-5,Budget-friendly,Meeting new people,10,true,5
2024-11-27 12:53:35,true,35-44,0-1,Adventure,Personal growth,5,true,5
2024-05-28 18:47:12,false,45-54,2-5,Cultural Immersion,Exploring new places,5,true,3
2024-12-29 07:27:08,false,35-44,10+,Budget-friendly,Trying new food,10,false,8
2024-07-09 11:37:40,false,55+,2-5,Budget-friendly,Trying new food,9,true,4
2024-11-21 21:46:40,false,35-44,2-5,Relaxation,Personal growth,4,false,3
2024-08-06 17:01:45,false,45-54,10+,Relaxation,Trying new food,1,false,1
2024-10-18 16:55:52,true,Under 25,2-5,Self-discovery,Trying new food,5,true,2
2024-12-30 22:59:49,true,45-54,0-1,Relaxation,Meeting new people,9,false,5
2024-05-07 04:15:36,false,55+,6-9,Budget-friendly,Personal growth,1,false,10
2024-08-16 17:34:42,false,Under 25,6-9,Cultural Immersion,Practicing a new language,9,false,10
2024-06-19 02:00:58,true,25-34,0-1,Budget-friendly,Trying new food,8,true,4
2025-01-23 13:19:04,false,35-44,0-1,Self-discovery,Practicing a new language,8,false,2
2024-06-04 20:00:16,true,35-44,6-9,Budget-friendly,Practicing a new language,10,true,6
2024-05-22 08:32:01,false,45-54,0-1,Relaxation,Meeting new people,7,true,7
2024-03-06 20:00:39,false,35-44,10+,Budget-friendly,Trying new food,9,true,3
2024-03-29 06:46:39,false,45-54,6-9,Budget-friendly,Trying new food,2,false,4
2025-01-25 14:09:28,false,55+,2-5,Adventure,Practicing a new language,5,true,8
2024-11-19 05:20:23,true,Under 25,0-1,Self-discovery,Personal growth,1,false,3
2024-07-09 05:41:29,true,Under 25,6-9,Adventure,Personal growth,2,false,6
2025-01-27 01:24:03,true,35-44,2-5,Cultural Immersion,Meeting new people,7,true,6
2024-10-17 21:16:47,true,25-34,10+,Self-discovery,Meeting new people,7,true,4
2024-12-30 22:55:18,false,55+,0-1,Cultural Immersion,Trying new food,1,false,5
2024-10-25 17:01:54,false,Under 25,6-9,Self-discovery,Exploring new places,7,false,5
2024-10-27 12:54:01,true,55+,2-5,Budget-friendly,Practicing a new language,9,false,9
2024-08-03 08:04:05,false,55+,10+,Budget-friendly,Exploring new places,9,false,3
2024-09-16 08:09:52,true,35-44,0-1,Cultural Immersion,Exploring new places,2,true,6
2025-01-18 06:14:43,false,35-44,10+,Budget-friendly,Exploring new places,2,false,1
2024-07-07 22:34:15,true,25-34,10+,Cultural Immersion,Exploring new places,4,true,4
2024-07-26 02:07:53,false,55+,10+,Relaxation,Exploring new places,3,true,5
2024-10-16 09:23:45,false,55+,2-5,Cultural Immersion,Trying new food,4,false,2
2024-08-19 18:21:17,false,25-34,2-5,Cultural Immersion,Practicing a new language,1,false,2
2024-04-05 20:17:29,false,35-44,0-1,Budget-friendly,Personal growth,4,true,1
2024-09-09 06:56:18,true,45-54,10+,Cultural Immersion,Personal growth,9,true,10
2024-11-30 10:39:22,false,25-34,2-5,Adventure,Meeting new people,3,false,6
2024-05-20 08:11:00,false,Under 25,10+,Cultural Immersion,Meeting new people,1,true,10
2024-05-18 17:43:09,true,35-44,10+,Cultural Immersion,Trying new food,10,false,3
2024-03-06 21:35:16,false,25-34,10+,Relaxation,Trying new food,10,true,9
2024-06-19 08:39:43,true,25-34,0-1,Adventure,Meeting new people,8,false,1
2025-01-20 17:47:10,false,55+,0-1,Relaxation,Meeting new people,9,true,2
2024-03-03 11:34:02,false,25-34,10+,Budget-friendly,Exploring new places,1,true,1
2024-06-20 21:27:39,false,Under 25,6-9,Adventure,Practicing a new language,9,false,1
2024-05-22 16:01:15,true,45-54,6-9,Budget-friendly,Practicing a new language,4,false,4
2024-11-16 19:42:14,true,25-34,2-5,Cultural Immersion,Practicing a new language,8,false,1
2024-05-04 19:15:59,false,Under 25,0-1,Adventure,Personal growth,6,false,10
2024-06-15 10:31:31,false,55+,2-5,Adventure,Meeting new people,9,true,4
2024-07-21 04:42:03,false,25-34,2-5,Self-discovery,Trying new food,3,true,8
2024-08-12 17:09:42,false,Under 25,6-9,Relaxation,Meeting new people,10,true,4
2024-06-12 07:01:12,true,35-44,0-1,Adventure,Practicing a new language,5,false,9
2024-03-26 18:24:40,false,25-34,0-1,Self-discovery,Meeting new people,7,true,1
2025-01-28 00:30:23,false,45-54,6-9,Cultural Immersion,Personal growth,7,false,2
2024-03-05 23:43:36,true,55+,10+,Budget-friendly,Exploring new places,6,false,2
2024-04-05 19:54:23,false,35-44,2-5,Relaxation,Practicing a new language,4,false,6
2024-10-17 17:45:43,true,35-44,2-5,Cultural Immersion,Personal growth,2,false,10
2024-06-04 03:32:31,true,55+,6-9,Budget-friendly,Exploring new places,10,false,2
2024-07-25 04:06:02,true,Under 25,10+,Budget-friendly,Exploring new places,8,false,3
2025-01-13 04:30:18,true,25-34,10+,Cultural Immersion,Exploring new places,9,true,10
2025-01-29 23:43:46,false,Under 25,6-9,Relaxation,Personal growth,8,true,2
2024-04-21 20:50:26,false,35-44,6-9,Budget-friendly,Meeting new people,7,true,1
2024-08-10 23:44:56,false,55+,2-5,Self-discovery,Meeting new people,9,true,4
2024-10-10 02:07:25,false,25-34,6-9,Cultural Immersion,Exploring new places,5,true,5
2025-02-01 00:10:49,true,Under 25,0-1,Relaxation,Practicing a new language,6,true,7
2024-10-06 02:08:39,false,55+,0-1,Self-discovery,Trying new food,9,false,3
2024-12-13 15:59:32,false,45-54,10+,Relaxation,Trying new food,9,false,1
2024-06-29 00:51:05,false,45-54,2-5,Self-discovery,Practicing a new language,2,false,4
2024-09-03 20:28:24,true,45-54,2-5,Relaxation,Practicing a new language,4,false,10
2024-06-06 12:13:33,true,Under 25,6-9,Self-discovery,Meeting new people,4,true,4
2024-09-05 09:27:12,true,25-34,6-9,Adventure,Trying new food,4,true,7
2025-01-07 06:20:23,true,35-44,10+,Budget-friendly,Practicing a new language,7,true,10
2024-11-06 02:25:01,false,35-44,0-1,Cultural Immersion,Meeting new people,10,false,7
2024-05-01 01:55:35,false,35-44,2-5,Adventure,Trying new food,7,false,4
2024-08-25 19:13:04,false,55+,2-5,Relaxation,Meeting new people,4,true,4
2024-07-04 05:07:29,false,55+,6-9,Relaxation,Exploring new places,2,false,6
2024-04-28 20:33:25,true,55+,6-9,Adventure,Practicing a new language,10,false,9
2024-07-04 13:40:13,false,45-54,2-5,Cultural Immersion,Trying new food,5,true,5
2024-12-04 11:33:02,true,25-34,0-1,Relaxation,Practicing a new language,3,true,1
2024-10-01 14:53:20,false,Under 25,6-9,Relaxation,Exploring new places,10,false,5
2024-04-28 07:37:03,false,25-34,2-5,Relaxation,Practicing a new language,4,true,1
2024-04-28 08:41:06,false,35-44,6-9,Relaxation,Practicing a new language,4,true,7
2025-01-28 23:11:11,true,Under 25,2-5,Budget-friendly,Trying new food,4,false,7
2024-11-26 01:36:10,true,Under 25,2-5,Cultural Immersion,Practicing a new language,1,false,10
2024-03-28 02:58:18,true,55+,10+,Relaxation,Personal growth,8,true,10
2024-08-06 13:22:31,false,Under 25,10+,Relaxation,Personal growth,4,false,3
2025-01-19 17:07:43,false,45-54,0-1,Cultural Immersion,Meeting new people,6,true,2
2024-08-22 11:33:29,false,25-34,10+,Cultural Immersion,Meeting new people,8,true,2
2024-12-18 00:48:58,true,25-34,0-1,Cultural Immersion,Exploring new places,6,true,8
2025-01-27 18:47:44,true,55+,0-1,Relaxation,Practicing a new language,7,true,10
2024-11-29 10:28:13,false,25-34,6-9,Relaxation,Meeting new people,6,false,7
2024-04-16 14:02:26,false,45-54,10+,Self-discovery,Exploring new places,7,false,1
2024-05-10 08:25:33,true,55+,10+,Adventure,Practicing a new language,5,false,5
2024-07-10 07:33:04,false,Under 25,10+,Adventure,Exploring new places,4,true,2
2024-08-11 21:04:33,false,45-54,6-9,Relaxation,Personal growth,8,false,9
2024-07-20 03:02:08,false,Under 25,10+,Relaxation,Personal growth,5,true,7
2024-08-12 18:13:09,false,55+,6-9,Relaxation,Practicing a new language,3,true,6
2024-08-05 21:30:25,true,55+,2-5,Budget-friendly,Practicing a new language,4,true,8
2024-05-05 19:48:33,false,55+,2-5,Adventure,Trying new food,5,false,5
2024-09-17 00:00:23,false,25-34,2-5,Self-discovery,Exploring new places,2,true,4
2024-03-09 22:57:54,true,35-44,2-5,Self-discovery,Exploring new places,9,true,3
2024-10-05 08:39:27,false,Under 25,6-9,Self-discovery,Practicing a new language,10,true,7
2024-08-07 14:11:14,false,55+,2-5,Adventure,Exploring new places,2,true,5
2024-03-17 20:50:47,true,55+,0-1,Cultural Immersion,Trying new food,3,true,6
2024-09-07 05:43:42,true,35-44,10+,Self-discovery,Practicing a new language,4,false,5
2024-09-22 18:28:47,true,Under 25,6-9,Self-discovery,Personal growth,4,true,9
2024-04-25 18:40:17,true,35-44,0-1,Budget-friendly,Meeting new people,10,true,6
2024-10-19 16:44:31,true,25-34,2-5,Self-discovery,Exploring new places,1,false,10
2024-12-05 08:55:45,false,45-54,6-9,Budget-friendly,Exploring new places,6,true,7
2024-09-16 07:04:17,true,Under 25,2-5,Relaxation,Practicing a new language,1,true,5
2024-09-26 09:49:18,true,25-34,2-5,Adventure,Meeting new people,1,true,6
2024-06-10 19:33:24,true,Under 25,2-5,Self-discovery,Practicing a new language,5,true,9
2024-12-14 18:27:59,true,55+,0-1,Adventure,Exploring new places,6,true,2
2024-06-13 10:29:02,true,45-54,6-9,Adventure,Practicing a new language,5,false,4
2024-11-28 09:39:45,false,45-54,2-5,Cultural Immersion,Practicing a new language,3,true,2
2024-11-10 06:50:41,false,Under 25,10+,Adventure,Exploring new places,9,false,10
2024-07-23 03:48:45,true,35-44,10+,Cultural Immersion,Personal growth,1,false,7
2024-09-12 13:05:44,false,25-34,0-1,Cultural Immersion,Practicing a new language,9,false,3
2024-09-27 03:42:49,true,45-54,0-1,Self-discovery,Meeting new people,4,true,9
2024-07-07 17:01:19,true,45-54,6-9,Cultural Immersion,Personal growth,5,true,5
2024-08-22 21:18:41,true,Under 25,6-9,Self-discovery,Practicing a new language,1,true,2
2024-11-29 11:52:32,false,45-54,10+,Cultural Immersion,Trying new food,8,true,9
2024-07-14 19:39:13,true,25-34,2-5,Adventure,Personal growth,2,false,3
2025-02-23 20:52:05,true,55+,6-9,Relaxation,Meeting new people,4,false,5
2024-10-22 11:40:46,true,45-54,10+,Relaxation,Trying new food,4,true,9
2024-07-18 19:55:28,true,55+,0-1,Relaxation,Meeting new people,1,false,4
2024-12-09 01:11:48,true,35-44,2-5,Adventure,Practicing a new language,2,true,2
2025-02-23 18:07:55,false,Under 25,2-5,Cultural Immersion,Exploring new places,2,true,3
2024-09-22 22:32:27,false,25-34,0-1,Budget-friendly,Practicing a new language,7,true,1
2024-08-12 21:01:13,true,55+,0-1,Adventure,Practicing a new language,10,false,5
2024-04-18 07:34:47,false,45-54,0-1,Relaxation,Practicing a new language,7,true,9
2024-12-30 02:46:10,true,55+,2-5,Cultural Immersion,Trying new food,9,true,6
2024-08-17 02:05:20,true,45-54,6-9,Cultural Immersion,Exploring new places,2,false,8
2024-08-01 21:34:05,true,55+,0-1,Relaxation,Meeting new people,8,false,3
2024-04-08 02:42:39,true,45-54,6-9,Adventure,Trying new food,5,true,7
2025-02-17 01:24:20,true,Under 25,6-9,Budget-friendly,Exploring new places,4,true,4
2024-07-08 01:22:53,false,25-34,10+,Adventure,Practicing a new language,3,true,1
2024-09-30 16:06:17,true,25-34,6-9,Adventure,Exploring new places,10,true,4
2025-01-31 06:06:49,false,Under 25,2-5,Adventure,Exploring new places,9,true,3
2024-04-10 22:49:57,false,55+,2-5,Self-discovery,Practicing a new language,8,false,2
2024-04-30 01:17:45,true,35-44,10+,Adventure,Trying new food,5,true,10
2025-01-24 20:04:39,false,Under 25,0-1,Relaxation,Trying new food,2,true,1
2024-07-27 02:45:12,false,45-54,0-1,Adventure,Personal growth,2,true,2
2024-03-29 11:14:22,true,55+,2-5,Cultural Immersion,Exploring new places,8,false,6
2024-04-03 23:28:12,false,35-44,0-1,Cultural Immersion,Trying new food,5,true,4
2025-02-10 15:57:18,true,55+,10+,Adventure,Personal growth,8,true,3
2024-03-07 07:05:08,false,55+,0-1,Budget-friendly,Trying new food,8,true,7
2025-01-08 22:55:25,true,Under 25,2-5,Adventure,Personal growth,9,true,2
2024-08-04 21:25:08,true,55+,10+,Relaxation,Practicing a new language,6,true,4
2025-01-09 01:10:26,false,25-34,6-9,Relaxation,Meeting new people,7,false,3
2025-02-09 21:53:46,false,55+,0-1,Relaxation,Trying new food,4,true,1
2025-02-26 22:49:59,true,45-54,0-1,Relaxation,Meeting new people,8,true,8
2024-05-21 12:40:57,true,45-54,2-5,Relaxation,Personal growth,9,true,9
2024-09-26 07:34:25,true,55+,2-5,Self-discovery,Practicing a new language,2,true,3
2024-05-07 19:56:47,true,35-44,2-5,Cultural Immersion,Personal growth,5,false,10
2024-09-16 05:47:05,false,45-54,10+,Budget-friendly,Trying new food,2,false,2
2025-01-05 18:05:45,false,35-44,6-9,Self-discovery,Meeting new people,4,true,10
2024-11-09 02:03:01,false,Under 25,0-1,Self-discovery,Trying new food,3,true,4
2025-02-03 20:42:16,false,45-54,2-5,Adventure,Practicing a new language,7,true,8
2024-10-07 07:05:49,false,55+,6-9,Relaxation,Practicing a new language,2,true,1
2024-03-29 02:37:03,true,Under 25,2-5,Self-discovery,Exploring new places,3,true,9
2025-01-13 17:53:17,false,Under 25,6-9,Budget-friendly,Practicing a new language,8,false,2
2024-03-24 18:11:25,true,25-34,2-5,Adventure,Personal growth,7,false,5
2024-03-28 20:34:58,true,35-44,2-5,Budget-friendly,Meeting new people,7,true,8
2024-07-29 08:04:43,false,45-54,10+,Budget-friendly,Personal growth,6,true,10
2024-03-16 02:39:45,true,45-54,2-5,Budget-friendly,Trying new food,10,false,8
2024-06-27 16:37:45,false,35-44,6-9,Adventure,Personal growth,5,false,6
2024-04-01 13:31:40,true,45-54,2-5,Budget-friendly,Personal growth,3,true,2
2024-06-08 01:00:29,false,Under 25,6-9,Self-discovery,Trying new food,5,true,7
2024-10-19 22:20:46,false,45-54,0-1,Cultural Immersion,Exploring new places,6,true,5
2024-04-16 21:55:14,false,45-54,0-1,Self-discovery,Meeting new people,3,true,10
2024-03-08 11:46:34,false,55+,2-5,Adventure,Trying new food,9,false,4
2024-05-23 00:42:24,true,35-44,6-9,Budget-friendly,Personal growth,4,false,2
2024-07-15 22:08:33,true,25-34,6-9,Relaxation,Practicing a new language,6,false,1
2025-02-07 13:38:31,true,25-34,10+,Adventure,Practicing a new language,7,false,8
2024-05-03 04:28:30,false,25-34,10+,Budget-friendly,Personal growth,6,true,7
2024-10-10 01:10:40,false,45-54,6-9,Adventure,Trying new food,10,true,2
2024-11-27 22:11:10,true,55+,6-9,Self-discovery,Personal growth,1,true,8
2024-10-06 05:31:46,false,25-34,10+,Self-discovery,Personal growth,4,true,3
2024-06-28 02:32:22,true,25-34,0-1,Adventure,Meeting new people,3,true,7
2024-07-08 10:50:06,true,Under 25,10+,Cultural Immersion,Practicing a new language,6,false,4
2024-11-19 04:26:31,true,35-44,0-1,Budget-friendly,Personal growth,10,false,5
2024-12-08 00:32:47,false,Under 25,2-5,Budget-friendly,Exploring new places,7,true,5
2024-07-19 22:40:30,false,45-54,6-9,Self-discovery,Exploring new places,10,false,4
2025-01-25 06:48:43,false,55+,2-5,Relaxation,Personal growth,7,true,8
2025-02-19 15:52:42,false,45-54,10+,Budget-friendly,Personal growth,6,false,4
2025-02-13 06:43:48,false,35-44,2-5,Budget-friendly,Personal growth,3,true,8
2024-06-26 09:57:06,true,35-44,10+,Adventure,Exploring new places,1,false,7
2024-04-05 10:22:39,true,Under 25,0-1,Budget-friendly,Exploring new places,6,false,7
2024-10-23 02:16:56,false,Under 25,10+,Adventure,Practicing a new language,3,false,9
2024-04-27 18:06:41,false,Under 25,2-5,Cultural Immersion,Personal growth,5,false,4
2024-09-24 05:05:42,false,45-54,2-5,Budget-friendly,Meeting new people,2,false,1
2024-12-11 08:54:28,false,35-44,2-5,Relaxation,Personal growth,6,true,7
2024-10-22 02:24:01,true,Under 25,10+,Self-discovery,Practicing a new language,7,false,3
2024-11-05 15:25:56,false,Under 25,2-5,Self-discovery,Trying new food,10,true,4
2024-06-26 18:31:01,true,25-34,6-9,Cultural Immersion,Personal growth,7,false,4
2025-01-05 12:03:00,true,Under 25,10+,Relaxation,Trying new food,9,false,6
2025-02-25 06:50:56,true,Under 25,10+,Self-discovery,Trying new food,9,true,2
2024-09-19 09:31:34,true,55+,6-9,Self-discovery,Exploring new places,5,false,10
2024-09-26 05:15:45,false,45-54,0-1,Adventure,Trying new food,5,false,10
2024-11-04 10:50:46,true,55+,0-1,Relaxation,Trying new food,2,true,8
2024-04-29 11:55:09,true,Under 25,6-9,Budget-friendly,Practicing a new language,10,false,2
2024-06-07 09:52:40,true,35-44,10+,Cultural Immersion,Meeting new people,7,false,5
2024-11-20 18:59:47,false,55+,6-9,Self-discovery,Meeting new people,10,false,3
2024-11-12 06:08:59,true,45-54,6-9,Self-discovery,Meeting new people,6,false,7
2025-01-11 21:47:23,true,Under 25,6-9,Cultural Immersion,Practicing a new language,9,false,4
2024-08-31 17:28:41,true,55+,6-9,Budget-friendly,Meeting new people,5,true,6
2024-10-28 17:55:57,true,35-44,6-9,Adventure,Exploring new places,5,false,8
2025-01-08 08:10:13,true,25-34,0-1,Relaxation,Personal growth,1,true,7
2024-07-08 22:31:13,true,Under 25,6-9,Relaxation,Exploring new places,5,true,2
2024-12-21 02:32:47,true,35-44,10+,Cultural Immersion,Personal growth,8,true,3
2024-04-03 19:17:50,true,45-54,2-5,Budget-friendly,Exploring new places,9,true,2
2025-02-16 07:37:12,true,25-34,0-1,Adventure,Practicing a new language,2,false,7
2024-07-22 22:26:12,true,55+,6-9,Relaxation,Personal growth,1,false,6
2024-09-06 04:05:56,false,55+,2-5,Cultural Immersion,Practicing a new language,10,false,2
2025-02-08 23:07:54,false,Under 25,10+,Self-discovery,Exploring new places,3,true,1
2024-03-10 12:00:54,false,Under 25,6-9,Cultural Immersion,Trying new food,9,true,1
2024-10-29 07:51:30,false,Under 25,10+,Self-discovery,Exploring new places,2,true,2
2024-09-29 22:44:33,false,35-44,10+,Budget-friendly,Personal growth,6,true,9
2024-03-04 17:25:02,true,25-34,6-9,Self-discovery,Personal growth,5,true,5
2024-12-07 11:45:43,true,55+,10+,Budget-friendly,Practicing a new language,1,true,8
2024-07-03 21:09:07,false,55+,10+,Self-discovery,Trying new food,6,false,3
2024-03-20 15:37:03,true,35-44,2-5,Cultural Immersion,Personal growth,8,true,7
2024-07-29 18:38:23,false,25-34,0-1,Cultural Immersion,Trying new food,8,false,3
2024-11-05 08:52:39,true,55+,10+,Cultural Immersion,Exploring new places,4,false,2
2024-04-16 09:41:52,false,Under 25,0-1,Relaxation,Practicing a new language,7,false,4
2024-03-12 00:13:10,false,55+,10+,Cultural Immersion,Personal growth,6,false,6
2024-07-25 18:47:37,true,35-44,6-9,Budget-friendly,Exploring new places,3,true,4
2024-03-22 09:18:41,false,25-34,10+,Relaxation,Trying new food,10,true,3
2024-10-27 03:07:43,false,Under 25,0-1,Cultural Immersion,Personal growth,5,false,2
2025-02-14 22:49:02,false,35-44,0-1,Cultural Immersion,Trying new food,1,false,1
2025-01-29 13:36:04,false,35-44,10+,Relaxation,Meeting new people,1,false,1
2024-12-10 23:03:21,true,35-44,0-1,Budget-friendly,Meeting new people,8,false,7
2024-05-27 03:06:22,true,55+,6-9,Self-discovery,Practicing a new language,5,false,9
2024-07-03 06:10:12,true,45-54,2-5,Adventure,Practicing a new language,5,true,6
2024-04-04 11:15:43,false,25-34,2-5,Relaxation,Meeting new people,4,true,10
2024-07-31 04:06:15,false,Under 25,0-1,Adventure,Practicing a new language,4,true,4
2025-02-09 20:58:58,false,25-34,0-1,Budget-friendly,Trying new food,4,true,3
2024-11-23 23:59:57,true,35-44,0-1,Adventure,Practicing a new language,4,true,4
2024-10-25 03:36:11,true,35-44,0-1,Self-discovery,Trying new food,6,false,2
2024-03-06 11:28:10,true,Under 25,2-5,Budget-friendly,Trying new food,7,false,6
2025-01-16 02:52:56,false,55+,10+,Budget-friendly,Meeting new people,5,true,10
2024-09-13 23:46:23,false,45-54,6-9,Relaxation,Exploring new places,7,true,4
2024-03-19 12:05:28,false,45-54,2-5,Relaxation,Trying new food,9,true,3
2024-08-17 23:27:50,false,55+,2-5,Adventure,Personal growth,7,true,4
2024-10-05 00:52:02,true,55+,10+,Self-discovery,Personal growth,10,false,1
2024-08-13 01:51:04,true,Under 25,6-9,Budget-friendly,Meeting new people,1,true,4
2024-11-06 22:57:38,false,25-34,10+,Budget-friendly,Exploring new places,9,true,4
2024-06-06 14:57:04,true,25-34,10+,Relaxation,Trying new food,6,true,4
2024-05-01 05:28:05,false,35-44,6-9,Budget-friendly,Personal growth,8,false,8
2025-02-04 09:35:17,false,Under 25,6-9,Adventure,Meeting new people,7,false,9
2024-03-08 16:41:21,false,45-54,2-5,Self-discovery,Meeting new people,3,true,2
2024-06-26 13:58:10,true,55+,0-1,Relaxation,Trying new food,8,false,8
2024-05-10 11:02:00,true,55+,0-1,Self-discovery,Personal growth,5,true,4
2024-08-28 22:48:48,true,45-54,0-1,Self-discovery,Practicing a new language,7,true,8
2024-05-18 07:23:04,true,45-54,6-9,Self-discovery,Personal growth,8,false,2
2024-04-06 17:34:33,false,45-54,10+,Budget-friendly,Trying new food,3,false,5
2024-04-25 15:59:47,false,45-54,0-1,Cultural Immersion,Practicing a new language,8,true,1
2024-05-01 12:55:19,true,35-44,6-9,Self-discovery,Meeting new people,4,false,10
2024-09-12 10:12:14,true,25-34,2-5,Relaxation,Practicing a new language,8,false,2
2024-11-11 18:37:54,true,Under 25,0-1,Self-discovery,Personal growth,3,false,4
2024-08-05 01:55:55,true,35-44,6-9,Self-discovery,Personal growth,1,true,4
2025-02-27 22:32:15,false,45-54,10+,Cultural Immersion,Personal growth,3,true,9
2024-09-04 19:12:20,false,Under 25,6-9,Adventure,Exploring new places,4,true,9
2024-05-14 06:05:03,false,45-54,0-1,Cultural Immersion,Trying new food,8,true,3
2024-05-08 01:19:34,true,55+,10+,Cultural Immersion,Meeting new people,5,true,3
2024-11-13 18:41:28,false,55+,6-9,Relaxation,Trying new food,7,false,5
2025-02-23 21:11:22,false,25-34,6-9,Relaxation,Meeting new people,1,false,4
2025-02-07 22:28:25,false,25-34,10+,Self-discovery,Personal growth,10,false,4
2024-09-04 17:11:46,false,55+,10+,Self-discovery,Meeting new people,9,false,5
2024-03-08 03:54:35,false,Under 25,0-1,Budget-friendly,Trying new food,2,true,8
2024-03-09 16:20:42,false,Under 25,0-1,Budget-friendly,Trying new food,5,false,3
2024-08-10 06:39:05,true,55+,0-1,Budget-friendly,Exploring new places,7,false,8
2024-03-01 00:41:58,false,25-34,2-5,Self-discovery,Personal growth,5,false,5
2024-11-25 22:55:08,true,25-34,10+,Relaxation,Practicing a new language,3,true,5
2024-09-12 20:57:23,true,45-54,0-1,Adventure,Exploring new places,5,true,10
2025-01-25 06:27:19,false,45-54,0-1,Self-discovery,Personal growth,6,false,9
2024-05-17 08:39:41,false,25-34,0-1,Adventure,Meeting new people,1,true,8
2024-06-14 08:37:10,false,45-54,2-5,Cultural Immersion,Trying new food,3,true,5
2024-07-14 04:04:27,true,55+,10+,Cultural Immersion,Trying new food,1,false,4
2024-10-10 19:28:21,false,25-34,10+,Adventure,Exploring new places,4,true,6
2024-11-10 03:33:48,false,55+,6-9,Self-discovery,Trying new food,8,false,8
2025-02-11 15:12:56,true,45-54,0-1,Self-discovery,Practicing a new language,3,true,7
2025-01-10 02:06:45,true,45-54,6-9,Budget-friendly,Exploring new places,7,false,8
2025-01-12 16:31:14,true,Under 25,10+,Budget-friendly,Meeting new people,3,false,3
2024-07-05 08:44:36,true,45-54,0-1,Budget-friendly,Personal growth,8,true,6
2024-07-27 21:41:23,false,45-54,10+,Self-discovery,Meeting new people,9,false,7
2024-04-28 20:37:23,true,25-34,10+,Adventure,Exploring new places,2,true,1
2024-03-17 07:27:32,false,55+,2-5,Cultural Immersion,Personal growth,1,true,8
2024-08-02 16:40:04,false,55+,2-5,Budget-friendly,Meeting new people,8,true,9
2025-01-23 02:10:21,true,35-44,2-5,Self-discovery,Meeting new people,10,false,6
2024-11-07 18:14:18,true,35-44,10+,Budget-friendly,Meeting new people,8,false,7
2024-04-21 02:21:54,false,Under 25,6-9,Relaxation,Trying new food,9,false,7
2024-11-18 22:51:22,true,35-44,6-9,Adventure,Personal growth,6,false,7
2025-02-23 20:28:17,false,55+,10+,Relaxation,Exploring new places,4,true,6
2024-03-21 21:32:27,true,25-34,10+,Budget-friendly,Trying new food,9,true,2
2024-11-09 08:00:55,false,Under 25,2-5,Adventure,Exploring new places,6,false,3
2024-08-29 15:11:41,false,25-34,2-5,Cultural Immersion,Personal growth,6,true,10
2025-01-22 03:09:11,true,Under 25,0-1,Adventure,Exploring new places,1,true,1
2024-08-28 01:12:44,true,25-34,0-1,Relaxation,Trying new food,7,true,8
2024-05-17 12:11:34,false,45-54,6-9,Self-discovery,Trying new food,2,true,5
2024-04-19 03:54:28,false,55+,0-1,Adventure,Personal growth,10,true,10
2024-08-13 00:12:35,true,Under 25,0-1,Cultural Immersion,Practicing a new language,1,true,6
2024-07-15 13:10:42,false,25-34,2-5,Adventure,Practicing a new language,8,false,10
2024-12-15 16:48:23,true,35-44,2-5,Adventure,Exploring new places,3,false,8
2024-08-13 04:25:24,true,Under 25,10+,Budget-friendly,Trying new food,10,false,1
2024-05-22 15:48:05,false,55+,6-9,Self-discovery,Personal growth,7,false,8
2024-03-17 11:52:50,true,Under 25,10+,Budget-friendly,Practicing a new language,4,false,7
2024-10-23 19:38:32,false,55+,0-1,Adventure,Meeting new people,8,false,6
2024-05-22 22:21:23,false,Under 25,6-9,Adventure,Practicing a new language,5,false,2
2024-03-30 10:42:44,false,55+,0-1,Relaxation,Exploring new places,1,true,2
2024-07-16 13:21:25,true,55+,6-9,Relaxation,Personal growth,7,true,4
2025-01-21 20:24:33,true,35-44,6-9,Adventure,Exploring new places,10,false,6
2024-03-05 05:41:25,false,Under 25,2-5,Adventure,Practicing a new language,8,true,10
2024-06-01 03:42:41,true,55+,10+,Cultural Immersion,Personal growth,3,true,6
2024-12-10 09:29:38,true,Under 25,2-5,Budget-friendly,Personal growth,2,true,1
2024-11-30 17:36:19,false,35-44,2-5,Adventure,Practicing a new language,10,false,3
2024-08-09 04:53:16,false,35-44,6-9,Self-discovery,Practicing a new language,1,true,5
2025-01-08 05:06:55,false,45-54,2-5,Adventure,Exploring new places,9,true,3
2024-07-07 19:16:15,false,Under 25,6-9,Adventure,Practicing a new language,1,true,3
2025-01-19 16:51:25,true,45-54,2-5,Adventure,Meeting new people,4,true,9
2024-12-22 11:40:58,true,55+,10+,Self-discovery,Trying new food,2,true,6
2024-06-12 15:37:30,true,25-34,0-1,Cultural Immersion,Meeting new people,4,false,9
2024-09-14 12:16:48,false,Under 25,2-5,Budget-friendly,Practicing a new language,4,true,4
2024-06-12 12:12:35,true,45-54,10+,Cultural Immersion,Practicing a new language,5,false,6
2024-12-10 16:05:37,false,55+,10+,Budget-friendly,Exploring new places,7,false,2
2024-06-20 13:32:07,false,Under 25,2-5,Cultural Immersion,Trying new food,5,true,1
2024-08-20 20:38:34,false,55+,6-9,Cultural Immersion,Meeting new people,6,false,3
2024-06-21 07:20:03,true,45-54,2-5,Self-discovery,Trying new food,10,false,8
2024-05-10 21:11:43,false,45-54,6-9,Adventure,Exploring new places,5,true,1
2025-01-09 01:26:15,false,35-44,6-9,Cultural Immersion,Meeting new people,2,true,6
2024-06-15 17:34:35,false,35-44,10+,Cultural Immersion,Trying new food,4,true,6
2024-10-05 11:54:39,false,25-34,6-9,Self-discovery,Trying new food,9,false,7
2024-06-13 02:17:55,true,35-44,0-1,Budget-friendly,Exploring new places,5,true,7
2025-02-05 21:40:27,true,35-44,6-9,Cultural Immersion,Exploring new places,2,false,8
2024-11-07 23:00:46,true,Under 25,6-9,Relaxation,Meeting new people,8,false,3
2024-03-03 19:16:45,false,55+,2-5,Adventure,Personal growth,10,true,5
2024-10-25 12:37:50,false,55+,6-9,Cultural Immersion,Personal growth,6,true,1
2024-10-18 06:35:08,true,45-54,0-1,Self-discovery,Exploring new places,10,true,4
2024-07-12 03:41:30,false,45-54,6-9,Cultural Immersion,Meeting new people,3,false,4
2024-03-02 20:21:48,false,55+,6-9,Self-discovery,Meeting new people,7,true,2
2024-08-15 16:53:03,true,45-54,10+,Budget-friendly,Trying new food,8,false,1
2024-09-20 22:21:25,true,45-54,6-9,Cultural Immersion,Personal growth,5,true,1
2024-10-10 04:46:11,false,45-54,2-5,Adventure,Personal growth,6,true,9
2024-07-13 18:34:01,true,35-44,10+,Budget-friendly,Exploring new places,9,true,6
2024-06-28 13:42:55,true,35-44,2-5,Cultural Immersion,Exploring new places,10,true,10
2025-01-16 06:27:28,true,Under 25,2-5,Self-discovery,Meeting new people,10,false,4
2024-07-10 00:11:51,false,Under 25,2-5,Adventure,Meeting new people,2,false,6
2024-12-05 07:32:39,false,45-54,10+,Cultural Immersion,Practicing a new language,7,true,9
2025-01-18 00:15:51,false,25-34,6-9,Budget-friendly,Meeting new people,2,true,1
2024-08-10 07:20:50,true,45-54,0-1,Self-discovery,Meeting new people,4,false,9
2024-10-17 03:30:01,true,55+,6-9,Relaxation,Personal growth,8,false,10
2024-09-11 22:24:54,true,25-34,10+,Budget-friendly,Meeting new people,7,true,6
2024-11-27 11:54:42,true,45-54,10+,Adventure,Practicing a new language,5,false,1
2025-01-27 21:55:13,true,35-44,2-5,Budget-friendly,Trying new food,9,false,3
2024-10-26 15:05:30,true,25-34,0-1,Self-discovery,Meeting new people,2,false,9
2025-01-17 19:46:51,false,45-54,10+,Adventure,Exploring new places,9,true,8
2025-02-06 07:00:48,false,55+,0-1,Self-discovery,Exploring new places,9,true,9
2024-08-02 02:25:48,false,35-44,2-5,Self-discovery,Exploring new places,10,false,9
2024-03-19 21:38:33,true,45-54,10+,Relaxation,Exploring new places,9,false,9
2024-10-11 10:33:02,true,Under 25,6-9,Relaxation,Trying new food,9,false,2
2024-06-15 17:12:58,false,55+,6-9,Self-discovery,Exploring new places,9,false,4
2025-02-21 13:34:09,true,55+,6-9,Cultural Immersion,Practicing a new language,2,true,1
2024-04-14 04:35:57,false,55+,2-5,Self-discovery,Trying new food,7,false,8
2024-12-16 08:01:23,true,Under 25,2-5,Self-discovery,Exploring new places,10,false,6
2024-07-20 12:34:27,true,Under 25,2-5,Self-discovery,Trying new food,6,true,1
2024-10-31 00:54:05,true,Under 25,0-1,Self-discovery,Exploring new places,8,false,5
2024-03-01 05:21:39,false,55+,10+,Adventure,Practicing a new language,6,true,6
2024-09-10 01:16:06,false,35-44,10+,Adventure,Practicing a new language,1,false,10
2024-03-19 06:58:54,true,55+,2-5,Self-discovery,Exploring new places,6,false,7
2024-11-11 06:51:33,true,55+,10+,Adventure,Practicing a new language,3,true,10
2025-02-21 21:30:39,false,45-54,2-5,Adventure,Meeting new people,8,false,2
2025-01-12 09:52:13,true,45-54,0-1,Self-discovery,Trying new food,2,false,9
2025-01-10 19:59:56,false,35-44,2-5,Adventure,Personal growth,5,true,7
2024-06-22 02:11:54,false,35-44,6-9,Cultural Immersion,Exploring new places,6,false,9
2025-01-06 22:12:20,false,35-44,6-9,Relaxation,Meeting new people,1,true,6
2024-09-11 12:50:23,true,55+,6-9,Relaxation,Personal growth,7,false,9
2025-01-09 13:15:50,false,Under 25,0-1,Cultural Immersion,Practicing a new language,3,false,9
2024-12-15 16:56:12,true,55+,10+,Budget-friendly,Personal growth,5,true,10
2024-03-02 00:35:09,true,45-54,6-9,Budget-friendly,Practicing a new language,5,false,2
2024-06-13 20:13:31,false,45-54,10+,Self-discovery,Practicing a new language,5,false,5
2025-02-13 16:46:06,true,55+,10+,Relaxation,Exploring new places,9,false,9
2024-12-25 10:50:17,true,35-44,2-5,Budget-friendly,Trying new food,4,false,6
2024-07-05 21:37:35,true,25-34,6-9,Relaxation,Exploring new places,6,false,2
2024-05-17 05:48:53,true,35-44,2-5,Cultural Immersion,Trying new food,4,true,1
2025-02-06 09:15:37,true,Under 25,10+,Budget-friendly,Exploring new places,2,true,4
2024-05-26 12:16:06,false,55+,6-9,Adventure,Practicing a new language,5,false,7
2024-06-05 04:36:02,true,55+,10+,Cultural Immersion,Exploring new places,10,true,5
2024-03-16 07:04:46,false,55+,2-5,Cultural Immersion,Exploring new places,3,true,2
2024-12-07 19:03:51,true,55+,2-5,Self-discovery,Personal growth,9,false,8
2024-09-22 12:24:04,true,45-54,6-9,Budget-friendly,Trying new food,4,true,2
2024-08-15 20:22:59,false,55+,10+,Cultural Immersion,Trying new food,8,false,9
2024-11-01 22:44:57,false,45-54,2-5,Budget-friendly,Exploring new places,4,false,3
2024-12-18 08:34:34,false,55+,0-1,Self-discovery,Meeting new people,8,true,4
2024-08-09 04:45:34,false,55+,6-9,Self-discovery,Personal growth,1,false,8
2024-09-24 11:16:33,true,25-34,6-9,Relaxation,Practicing a new language,10,false,8
2024-10-25 05:01:05,true,Under 25,2-5,Budget-friendly,Exploring new places,8,false,6
2024-11-15 18:11:18,true,35-44,6-9,Adventure,Practicing a new language,10,true,6
2024-08-14 17:51:21,false,55+,10+,Adventure,Exploring new places,10,true,5
2024-10-18 01:37:51,true,55+,2-5,Cultural Immersion,Meeting new people,3,true,10
2025-01-06 16:50:03,false,25-34,0-1,Relaxation,Trying new food,6,false,3
2024-04-23 03:39:23,true,35-44,2-5,Adventure,Practicing a new language,5,true,6
2024-10-09 01:31:06,true,35-44,0-1,Adventure,Practicing a new language,5,false,3
2024-03-01 22:53:41,false,Under 25,6-9,Relaxation,Personal growth,2,false,7
2024-11-15 15:06:08,true,35-44,2-5,Budget-friendly,Meeting new people,7,false,4
2024-05-10 10:41:30,true,Under 25,6-9,Self-discovery,Meeting new people,4,false,1
2024-11-20 17:54:34,true,Under 25,6-9,Self-discovery,Exploring new places,6,false,10
2024-03-30 04:07:27,false,Under 25,0-1,Budget-friendly,Practicing a new language,3,true,1
2024-08-08 03:02:21,false,Under 25,10+,Self-discovery,Practicing a new language,9,false,10
2024-05-01 09:37:27,false,25-34,6-9,Self-discovery,Practicing a new language,7,true,7
2024-09-02 00:04:29,false,Under 25,0-1,Relaxation,Exploring new places,10,true,2
2024-07-14 09:21:54,true,45-54,10+,Budget-friendly,Exploring new places,5,true,3
2024-06-02 04:59:31,true,45-54,6-9,Adventure,Meeting new people,8,false,5
2024-06-20 10:29:00,false,55+,0-1,Cultural Immersion,Exploring new places,5,false,6
2024-11-26 00:57:24,false,25-34,10+,Relaxation,Exploring new places,8,false,10
2024-05-18 22:52:20,false,Under 25,10+,Adventure,Personal growth,7,true,1
2024-10-08 09:03:54,false,45-54,2-5,Cultural Immersion,Exploring new places,1,false,5
2024-06-06 20:40:57,false,55+,0-1,Budget-friendly,Practicing a new language,2,false,4
2024-10-10 06:31:36,false,55+,10+,Budget-friendly,Personal growth,8,true,5
2024-03-19 03:30:07,true,25-34,2-5,Adventure,Practicing a new language,4,true,5
2025-02-25 19:12:15,false,Under 25,6-9,Self-discovery,Personal growth,4,true,10
2024-08-14 10:36:45,false,Under 25,0-1,Adventure,Trying new food,9,false,2
2024-05-04 01:38:36,true,55+,0-1,Budget-friendly,Meeting new people,2,true,9
2024-05-20 21:59:13,false,35-44,10+,Relaxation,Meeting new people,10,true,3
2024-09-28 12:00:58,false,45-54,2-5,Adventure,Exploring new places,9,true,9
2024-06-21 04:48:26,true,35-44,0-1,Self-discovery,Practicing a new language,7,false,1
2024-03-20 06:28:34,false,Under 25,10+,Cultural Immersion,Exploring new places,9,false,6
2024-10-07 19:02:34,true,25-34,10+,Budget-friendly,Meeting new people,10,true,7
2024-12-27 05:38:44,true,55+,2-5,Budget-friendly,Personal growth,3,true,1
2024-03-05 17:15:21,true,Under 25,6-9,Self-discovery,Personal growth,2,true,4
2025-01-09 20:24:02,true,55+,6-9,Cultural Immersion,Personal growth,8,false,9
2025-02-13 06:12:16,true,25-34,6-9,Self-discovery,Practicing a new language,7,true,10
2024-08-04 05:56:07,true,35-44,10+,Adventure,Trying new food,4,false,6
2024-12-15 00:14:04,true,Under 25,0-1,Budget-friendly,Exploring new places,5,true,6
2024-05-21 05:57:13,true,Under 25,10+,Relaxation,Personal growth,7,true,10
2024-08-27 03:57:43,true,35-44,0-1,Relaxation,Personal growth,1,false,9
2024-11-05 22:54:21,false,35-44,2-5,Budget-friendly,Meeting new people,1,false,9
2024-06-13 23:30:48,false,45-54,0-1,Budget-friendly,Practicing a new language,10,false,8
2024-04-08 01:54:41,false,25-34,0-1,Adventure,Meeting new people,3,false,8
2025-02-14 09:09:58,false,35-44,0-1,Self-discovery,Exploring new places,6,false,7
2024-09-29 06:33:06,true,35-44,10+,Self-discovery,Exploring new places,5,true,1
2024-09-06 18:55:19,false,Under 25,0-1,Cultural Immersion,Trying new food,1,false,7
2024-03-29 23:26:43,false,Under 25,6-9,Adventure,Personal growth,6,true,5
2024-04-09 08:25:19,false,45-54,0-1,Budget-friendly,Practicing a new language,6,false,8
2025-02-24 07:23:43,true,25-34,0-1,Relaxation,Exploring new places,5,true,2
2024-03-07 08:11:15,true,Under 25,2-5,Relaxation,Personal growth,2,false,4
2024-10-03 00:45:31,false,Under 25,2-5,Self-discovery,Personal growth,6,true,9
2024-05-20 17:09:59,false,45-54,10+,Relaxation,Trying new food,5,false,6
2024-04-03 13:39:32,true,Under 25,0-1,Budget-friendly,Meeting new people,8,false,10
2024-12-21 10:05:57,true,Under 25,10+,Budget-friendly,Exploring new places,4,true,1
2024-07-02 06:16:44,true,45-54,0-1,Budget-friendly,Practicing a new language,7,true,3
2025-02-15 03:33:48,false,55+,10+,Adventure,Meeting new people,4,true,7
2024-06-25 19:58:25,false,55+,10+,Relaxation,Practicing a new language,6,false,6
2024-10-18 02:17:47,false,Under 25,6-9,Adventure,Exploring new places,5,false,10
2024-09-07 13:53:04,true,Under 25,10+,Budget-friendly,Personal growth,5,true,2
2025-02-18 17:48:43,true,25-34,6-9,Self-discovery,Personal growth,3,true,8
2024-03-11 03:40:45,true,Under 25,6-9,Cultural Immersion,Meeting new people,6,false,2
2024-08-29 09:22:10,false,55+,2-5,Cultural Immersion,Trying new food,7,true,9
2024-09-06 07:08:49,true,55+,10+,Adventure,Practicing a new language,9,false,9
2024-05-18 09:03:19,false,25-34,6-9,Self-discovery,Meeting new people,1,false,8
2024-04-28 22:31:29,true,45-54,10+,Self-discovery,Practicing a new language,8,true,6
2024-10-25 01:52:16,false,25-34,2-5,Self-discovery,Trying new food,9,false,8
2024-03-05 00:28:18,false,25-34,6-9,Budget-friendly,Personal growth,8,false,6
2024-05-12 06:37:46,false,25-34,2-5,Budget-friendly,Exploring new places,3,false,6
2024-07-10 13:54:31,true,45-54,10+,Adventure,Exploring new places,9,true,8
2024-04-04 00:52:39,false,Under 25,2-5,Relaxation,Meeting new people,10,true,3
2024-07-21 14:00:39,false,25-34,2-5,Adventure,Meeting new people,5,true,9
2024-08-20 18:43:53,false,45-54,6-9,Budget-friendly,Exploring new places,2,false,6
2024-09-24 16:57:33,false,35-44,0-1,Adventure,Personal growth,7,true,7
2024-11-05 17:51:11,true,55+,0-1,Budget-friendly,Exploring new places,4,false,10
2024-08-19 12:54:20,true,Under 25,0-1,Budget-friendly,Trying new food,9,true,7
2024-06-02 22:02:05,false,55+,10+,Budget-friendly,Trying new food,9,false,7
2025-02-09 01:32:43,true,35-44,10+,Cultural Immersion,Meeting new people,1,false,8
2024-10-05 05:02:48,true,Under 25,10+,Budget-friendly,Practicing a new language,2,true,4
2025-02-15 03:57:10,false,45-54,10+,Cultural Immersion,Trying new food,3,true,1
2024-06-13 19:28:13,false,45-54,10+,Relaxation,Practicing a new language,2,true,6
2024-03-14 19:22:54,false,35-44,0-1,Adventure,Personal growth,8,false,7
2024-04-13 16:15:46,true,25-34,6-9,Cultural Immersion,Trying new food,8,true,6
2024-12-15 06:22:54,false,45-54,2-5,Budget-friendly,Trying new food,10,true,1
2024-12-27 20:09:34,false,35-44,6-9,Self-discovery,Personal growth,10,true,6
2024-09-11 10:36:30,false,35-44,10+,Self-discovery,Exploring new places,2,false,6
2025-01-10 08:44:29,false,35-44,0-1,Self-discovery,Practicing a new language,5,false,7
2024-11-01 11:45:30,true,Under 25,10+,Relaxation,Personal growth,6,false,10
2025-01-15 17:17:16,true,55+,10+,Budget-friendly,Exploring new places,8,false,5
2024-04-09 15:02:58,false,45-54,10+,Cultural Immersion,Practicing a new language,2,true,1
2024-04-14 12:13:50,false,55+,6-9,Budget-friendly,Personal growth,5,true,4
2025-02-25 10:22:29,false,35-44,10+,Cultural Immersion,Meeting new people,1,true,5
2024-06-03 20:29:25,true,35-44,0-1,Self-discovery,Personal growth,3,true,4
2024-03-12 01:12:47,false,45-54,2-5,Self-discovery,Trying new food,10,true,1
2024-12-02 20:29:27,false,45-54,6-9,Budget-friendly,Trying new food,2,false,10
2025-02-08 07:57:13,false,25-34,6-9,Adventure,Exploring new places,8,false,8
2024-11-02 10:52:31,false,55+,0-1,Cultural Immersion,Practicing a new language,10,true,8
2024-04-27 09:40:19,true,Under 25,10+,Relaxation,Personal growth,9,true,3
2025-01-19 23:03:40,true,25-34,6-9,Cultural Immersion,Meeting new people,7,false,9
2024-03-16 21:25:06,true,35-44,2-5,Relaxation,Personal growth,7,true,2
2024-04-25 13:52:44,false,35-44,10+,Relaxation,Personal growth,10,false,1
2024-10-07 12:23:23,false,55+,2-5,Relaxation,Trying new food,9,true,8
2024-05-18 20:51:29,true,55+,6-9,Relaxation,Practicing a new language,4,true,10
2024-12-14 19:32:26,true,45-54,0-1,Relaxation,Trying new food,8,true,9
2024-09-06 21:50:07,false,35-44,10+,Adventure,Trying new food,9,true,2
2024-04-25 20:53:17,true,35-44,10+,Budget-friendly,Practicing a new language,4,false,4
2024-06-02 09:31:20,true,Under 25,0-1,Self-discovery,Personal growth,3,false,8
2024-04-08 23:33:10,false,25-34,10+,Adventure,Trying new food,3,false,2
2024-10-24 04:26:56,false,55+,10+,Relaxation,Trying new food,5,false,9
2025-02-27 19:27:37,true,Under 25,10+,Self-discovery,Personal growth,9,false,4
2024-03-14 14:07:12,false,45-54,2-5,Budget-friendly,Exploring new places,1,true,4
2024-12-26 20:34:34,false,35-44,6-9,Relaxation,Meeting new people,1,true,5
2024-07-26 00:49:47,false,Under 25,10+,Relaxation,Meeting new people,9,true,4
2024-05-15 01:16:26,true,Under 25,0-1,Self-discovery,Practicing a new language,1,true,3
2024-09-19 05:15:20,true,45-54,6-9,Cultural Immersion,Trying new food,9,true,2
2024-04-04 22:33:19,true,55+,0-1,Budget-friendly,Meeting new people,5,true,2
2025-02-18 12:15:53,true,45-54,6-9,Self-discovery,Practicing a new language,3,true,4
2024-03-24 22:18:11,true,45-54,2-5,Adventure,Exploring new places,3,false,1
2024-09-13 06:51:09,false,Under 25,0-1,Self-discovery,Meeting new people,3,true,4
2024-08-08 17:55:41,true,Under 25,2-5,Relaxation,Exploring new places,7,true,10
2024-11-06 04:44:26,false,Under 25,0-1,Self-discovery,Personal growth,1,true,2
2025-02-17 15:13:19,false,Under 25,2-5,Cultural Immersion,Practicing a new language,8,true,9
2024-05-14 20:28:39,false,55+,6-9,Adventure,Meeting new people,3,true,3
2024-06-09 03:19:51,false,25-34,2-5,Relaxation,Personal growth,8,false,8
2024-03-30 10:11:30,false,Under 25,10+,Budget-friendly,Trying new food,1,true,8
2025-01-16 05:39:47,true,55+,2-5,Relaxation,Practicing a new language,4,false,5
2024-08-19 11:31:24,false,25-34,2-5,Cultural Immersion,Exploring new places,5,false,10
2024-03-12 00:05:08,true,25-34,10+,Cultural Immersion,Personal growth,8,true,3
2024-08-31 02:43:13,false,Under 25,0-1,Relaxation,Meeting new people,6,false,10
2024-12-02 00:08:25,false,Under 25,0-1,Cultural Immersion,Meeting new people,9,false,6
2024-07-25 03:24:09,false,25-34,2-5,Cultural Immersion,Trying new food,3,true,3
2024-06-10 13:56:22,true,45-54,2-5,Self-discovery,Meeting new people,2,true,9
2024-07-28 01:19:51,false,25-34,0-1,Cultural Immersion,Meeting new people,2,true,2
2024-05-26 08:39:01,false,Under 25,0-1,Cultural Immersion,Personal growth,7,false,9
2025-01-07 13:12:28,false,35-44,10+,Budget-friendly,Personal growth,1,false,10
2024-08-09 01:33:00,false,Under 25,6-9,Cultural Immersion,Exploring new places,8,false,6
2024-05-07 11:39:56,true,Under 25,10+,Relaxation,Exploring new places,3,true,10
2024-11-16 04:23:43,false,35-44,10+,Budget-friendly,Trying new food,7,true,7
2025-02-03 22:37:41,false,Under 25,10+,Cultural Immersion,Personal growth,2,true,8
2024-08-09 13:32:35,true,55+,2-5,Budget-friendly,Trying new food,10,false,3
2024-07-06 22:27:05,false,55+,0-1,Relaxation,Practicing a new language,4,true,4
2024-05-23 15:57:13,true,25-34,10+,Budget-friendly,Exploring new places,8,false,1
2024-08-02 08:24:47,false,45-54,10+,Self-discovery,Meeting new people,7,false,1
2024-11-28 07:29:54,false,25-34,6-9,Relaxation,Exploring new places,5,true,4
2025-02-23 08:21:41,true,55+,2-5,Cultural Immersion,Meeting new people,8,false,1
2024-12-16 17:06:47,true,25-34,6-9,Adventure,Practicing a new language,7,false,10
2024-07-20 08:01:00,false,25-34,2-5,Relaxation,Trying new food,7,true,6
2024-10-08 06:23:31,false,25-34,6-9,Budget-friendly,Exploring new places,5,true,2
2025-01-08 03:35:06,false,45-54,6-9,Relaxation,Personal growth,2,false,4
2024-05-28 09:35:23,true,45-54,6-9,Cultural Immersion,Practicing a new language,8,false,7
2024-05-10 02:44:42,false,45-54,0-1,Self-discovery,Trying new food,6,true,2
2024-10-08 14:36:32,true,25-34,10+,Cultural Immersion,Exploring new places,3,false,5
2025-02-20 20:49:16,false,55+,10+,Adventure,Practicing a new language,3,true,1
2024-12-17 16:15:31,true,35-44,0-1,Budget-friendly,Meeting new people,5,false,3
2025-01-16 09:15:53,true,35-44,0-1,Relaxation,Exploring new places,2,true,7
2024-07-26 12:31:29,false,55+,0-1,Self-discovery,Exploring new places,7,false,5
2024-08-17 19:42:21,false,45-54,10+,Adventure,Trying new food,8,true,10
2024-07-28 09:48:23,true,45-54,2-5,Adventure,Exploring new places,1,false,5
2024-03-31 03:52:58,true,Under 25,0-1,Budget-friendly,Exploring new places,6,true,9
2024-05-04 10:15:21,true,35-44,2-5,Relaxation,Exploring new places,9,false,2
2025-01-10 05:34:42,false,Under 25,10+,Relaxation,Practicing a new language,6,true,7
2024-12-11 09:51:41,true,Under 25,10+,Self-discovery,Practicing a new language,6,false,9
2025-02-17 13:49:11,true,45-54,6-9,Budget-friendly,Meeting new people,6,true,6
2024-07-09 03:37:49,false,Under 25,0-1,Cultural Immersion,Practicing a new language,2,false,3
2025-01-26 07:32:51,true,Under 25,0-1,Self-discovery,Exploring new places,7,true,10
2024-10-21 08:11:34,true,25-34,0-1,Cultural Immersion,Exploring new places,9,true,1
2024-11-06 04:31:33,true,Under 25,10+,Self-discovery,Trying new food,4,true,1
2024-06-04 05:40:58,false,45-54,6-9,Relaxation,Personal growth,4,false,8
2024-06-13 21:44:28,false,25-34,10+,Adventure,Trying new food,10,true,3
2024-05-30 00:19:13,true,55+,0-1,Cultural Immersion,Exploring new places,8,false,7
2024-06-08 18:46:35,false,55+,6-9,Relaxation,Exploring new places,4,false,5
2025-02-12 01:25:59,false,35-44,0-1,Relaxation,Trying new food,3,true,6
2025-01-10 16:47:52,true,55+,2-5,Relaxation,Trying new food,4,false,10
2024-12-07 01:35:12,true,Under 25,10+,Self-discovery,Personal growth,3,false,1
2025-01-09 09:02:15,false,55+,10+,Relaxation,Personal growth,9,true,9
2024-08-18 12:08:03,true,25-34,2-5,Self-discovery,Practicing a new language,8,false,2
2024-08-01 23:51:27,true,Under 25,10+,Cultural Immersion,Trying new food,3,true,8
2025-01-31 08:43:35,true,55+,2-5,Adventure,Meeting new people,4,false,4
2024-04-08 06:20:04,true,25-34,2-5,Self-discovery,Practicing a new language,8,false,1
2024-12-01 01:26:45,true,45-54,0-1,Adventure,Practicing a new language,7,true,9
2024-04-20 09:40:08,true,25-34,0-1,Adventure,Trying new food,10,true,8
2024-05-30 04:37:56,false,45-54,6-9,Budget-friendly,Trying new food,5,true,4
2024-11-13 21:02:01,true,35-44,0-1,Adventure,Trying new food,6,true,2
2024-12-19 19:35:10,true,Under 25,0-1,Adventure,Personal growth,1,true,2
2024-09-22 21:18:50,false,35-44,2-5,Self-discovery,Practicing a new language,3,true,3
2024-05-20 11:18:22,true,55+,10+,Adventure,Exploring new places,7,true,7
2024-12-20 11:19:50,true,55+,0-1,Cultural Immersion,Personal growth,2,true,9
2024-11-06 17:07:13,false,25-34,10+,Adventure,Trying new food,10,false,6
2024-06-22 01:36:17,true,55+,10+,Cultural Immersion,Personal growth,5,true,2
2024-07-01 06:18:25,true,55+,2-5,Self-discovery,Practicing a new language,9,false,10
2025-02-16 02:34:59,false,45-54,0-1,Adventure,Trying new food,4,false,7
2024-10-12 22:12:38,true,35-44,6-9,Adventure,Personal growth,2,false,6
2024-06-01 16:54:08,true,25-34,10+,Relaxation,Exploring new places,3,false,3
2024-11-20 16:04:28,false,55+,6-9,Self-discovery,Meeting new people,8,true,1
2024-10-26 06:27:01,true,Under 25,0-1,Relaxation,Meeting new people,6,true,5
2025-02-19 10:05:48,false,55+,10+,Self-discovery,Personal growth,8,false,2
2024-09-28 15:08:55,true,Under 25,6-9,Relaxation,Personal growth,3,true,8
2024-07-30 18:26:20,false,25-34,2-5,Relaxation,Trying new food,9,false,8
2024-11-23 14:34:41,false,45-54,10+,Relaxation,Practicing a new language,8,false,8
2024-12-16 23:02:57,true,Under 25,0-1,Relaxation,Practicing a new language,10,false,7
2025-02-25 05:58:54,false,Under 25,6-9,Self-discovery,Trying new food,4,true,7
2025-02-03 03:10:57,false,Under 25,10+,Self-discovery,Practicing a new language,10,true,9
2025-02-08 06:47:39,false,55+,10+,Adventure,Trying new food,1,true,7
2024-10-08 03:44:19,false,25-34,2-5,Adventure,Exploring new places,6,false,9
2024-10-09 09:50:57,false,55+,2-5,Cultural Immersion,Personal growth,1,true,7
2024-07-31 12:32:45,true,55+,0-1,Self-discovery,Trying new food,7,false,3
2024-12-03 01:49:16,true,35-44,6-9,Relaxation,Trying new food,9,false,8
2024-04-23 07:05:31,false,45-54,6-9,Cultural Immersion,Practicing a new language,2,false,6
2024-06-01 23:42:54,false,25-34,0-1,Adventure,Meeting new people,5,false,4
2025-02-24 04:27:19,false,45-54,10+,Budget-friendly,Exploring new places,5,false,10
2024-08-07 02:32:38,true,55+,6-9,Budget-friendly,Practicing a new language,10,false,7
2025-01-05 22:35:31,false,45-54,6-9,Self-discovery,Meeting new people,8,true,10
2024-11-15 01:48:07,false,45-54,0-1,Adventure,Meeting new people,6,true,1
2024-10-20 21:17:39,false,35-44,2-5,Cultural Immersion,Trying new food,2,false,2
2024-09-17 23:19:35,false,35-44,6-9,Relaxation,Trying new food,6,false,10
2025-01-03 02:01:40,true,25-34,2-5,Budget-friendly,Trying new food,10,true,6
2024-10-24 22:32:56,false,Under 25,2-5,Self-discovery,Personal growth,3,false,7
2024-11-19 11:24:01,true,Under 25,10+,Self-discovery,Personal growth,4,false,8
2024-04-21 18:44:57,false,25-34,6-9,Cultural Immersion,Practicing a new language,6,false,4
2024-10-12 12:49:25,false,55+,6-9,Budget-friendly,Personal growth,10,true,10
2025-01-11 22:31:24,true,55+,2-5,Budget-friendly,Meeting new people,5,true,9
2025-01-31 03:12:09,false,45-54,0-1,Relaxation,Personal growth,3,false,6
2025-01-25 01:55:25,false,35-44,0-1,Budget-friendly,Practicing a new language,9,false,9
2024-10-22 16:32:15,false,45-54,10+,Self-discovery,Practicing a new language,8,false,7
2025-01-25 18:28:04,false,25-34,6-9,Budget-friendly,Personal growth,9,false,7
2025-01-23 16:48:18,true,Under 25,0-1,Budget-friendly,Trying new food,9,true,10
2024-11-03 23:04:55,true,25-34,0-1,Budget-friendly,Trying new food,1,false,4
2024-08-02 02:39:52,false,55+,6-9,Budget-friendly,Exploring new places,3,false,2
2025-01-26 22:56:55,false,55+,10+,Relaxation,Meeting new people,4,true,5
2024-05-28 23:08:13,true,25-34,0-1,Relaxation,Meeting new people,6,false,10
2024-05-21 11:12:25,false,Under 25,10+,Adventure,Trying new food,4,true,2
2024-11-14 13:23:10,false,55+,2-5,Budget-friendly,Trying new food,2,false,10
2024-08-11 05:33:59,false,Under 25,0-1,Adventure,Meeting new people,7,true,7
2025-01-15 03:50:40,true,35-44,6-9,Relaxation,Trying new food,8,true,10
2025-02-10 22:35:27,false,35-44,2-5,Cultural Immersion,Practicing a new language,5,true,4
2024-08-01 09:17:07,false,55+,6-9,Cultural Immersion,Practicing a new language,3,false,10
2025-02-27 06:54:20,false,45-54,10+,Adventure,Trying new food,10,true,3
2024-08-18 10:18:33,true,35-44,2-5,Relaxation,Exploring new places,2,false,6
2024-07-11 23:27:36,true,55+,2-5,Cultural Immersion,Personal growth,5,false,9
2024-09-16 11:05:21,false,45-54,6-9,Budget-friendly,Exploring new places,2,false,6
2024-07-20 22:59:18,true,25-34,0-1,Adventure,Trying new food,4,false,5
2024-05-11 14:31:32,true,Under 25,0-1,Relaxation,Trying new food,9,true,7
2024-09-26 10:26:35,true,25-34,2-5,Adventure,Practicing a new language,6,false,8
2024-11-01 10:38:26,true,55+,10+,Adventure,Practicing a new language,6,true,4
2025-01-20 21:13:22,true,35-44,6-9,Budget-friendly,Exploring new places,3,false,4
2025-02-07 13:46:51,true,25-34,2-5,Budget-friendly,Meeting new people,5,false,9
2024-07-08 01:02:38,true,Under 25,6-9,Adventure,Exploring new places,6,true,7
2024-08-10 00:04:39,true,Under 25,0-1,Cultural Immersion,Personal growth,1,false,5
2024-07-17 10:24:09,false,25-34,0-1,Cultural Immersion,Personal growth,5,true,9
2024-05-08 08:20:14,true,35-44,2-5,Relaxation,Personal growth,3,false,1
2025-02-02 13:02:03,false,45-54,0-1,Self-discovery,Practicing a new language,7,false,8
2025-02-19 23:57:08,false,25-34,2-5,Self-discovery,Meeting new people,6,true,6
2025-02-28 20:31:35,true,25-34,2-5,Budget-friendly,Meeting new people,10,true,6
2025-02-14 09:25:13,true,55+,0-1,Self-discovery,Exploring new places,10,true,3
2024-03-12 09:56:36,true,55+,0-1,Adventure,Practicing a new language,6,true,9
2024-03-30 08:29:09,false,45-54,2-5,Cultural Immersion,Exploring new places,3,false,8
2024-07-06 20:39:02,false,35-44,10+,Relaxation,Practicing a new language,10,true,6
2024-10-09 00:35:35,true,25-34,2-5,Relaxation,Trying new food,4,false,9
2024-07-21 12:46:03,true,35-44,2-5,Cultural Immersion,Meeting new people,2,true,7
2025-02-22 12:16:36,false,45-54,2-5,Budget-friendly,Practicing a new language,9,true,10
2024-08-28 13:09:25,false,35-44,0-1,Budget-friendly,Exploring new places,6,true,10
2024-08-13 14:19:27,true,Under 25,2-5,Budget-friendly,Personal growth,9,true,8
2024-10-22 21:41:51,false,25-34,10+,Adventure,Personal growth,4,false,10
2024-06-03 03:18:23,true,25-34,2-5,Adventure,Trying new food,5,true,7
2024-07-06 07:33:22,true,Under 25,2-5,Self-discovery,Practicing a new language,3,false,4
2024-06-17 01:35:33,false,55+,0-1,Budget-friendly,Meeting new people,10,false,8
2025-01-02 18:14:50,true,Under 25,2-5,Self-discovery,Trying new food,8,false,10
2024-09-02 20:13:55,false,55+,0-1,Budget-friendly,Practicing a new language,8,true,9
2025-01-07 01:53:36,true,25-34,0-1,Budget-friendly,Trying new food,8,true,7
2024-05-11 20:11:30,true,35-44,0-1,Relaxation,Practicing a new language,3,false,9
2025-01-13 16:49:30,false,Under 25,10+,Relaxation,Practicing a new language,2,false,5
2024-07-31 08:06:04,true,55+,0-1,Self-discovery,Trying new food,7,false,2
2024-10-26 19:15:25,false,55+,10+,Cultural Immersion,Meeting new people,2,false,3
2024-04-29 01:59:20,true,35-44,6-9,Relaxation,Practicing a new language,9,true,5
2024-04-28 02:20:42,false,45-54,6-9,Adventure,Exploring new places,4,false,4
2024-10-25 16:18:21,true,25-34,6-9,Budget-friendly,Exploring new places,4,false,5
2025-01-08 16:49:10,false,25-34,6-9,Budget-friendly,Meeting new people,8,false,10
2024-10-25 16:50:13,false,25-34,0-1,Self-discovery,Meeting new people,6,false,2
2024-06-28 03:45:31,false,45-54,6-9,Adventure,Practicing a new language,2,false,3
2024-04-07 16:22:42,true,55+,6-9,Cultural Immersion,Exploring new places,5,false,1
2024-05-08 12:59:14,true,Under 25,6-9,Budget-friendly,Practicing a new language,2,true,8
2025-01-19 19:25:07,true,Under 25,0-1,Adventure,Practicing a new language,8,false,9
2024-04-09 12:05:04,true,Under 25,10+,Budget-friendly,Meeting new people,9,true,7
2024-06-06 21:05:07,false,Under 25,6-9,Cultural Immersion,Trying new food,2,false,3
2024-12-10 16:09:38,true,55+,6-9,Cultural Immersion,Trying new food,3,true,9
2024-08-15 02:24:57,true,55+,0-1,Budget-friendly,Trying new food,7,true,9
2024-10-12 10:50:43,true,Under 25,0-1,Cultural Immersion,Exploring new places,2,false,10
2024-06-15 10:51:09,false,35-44,0-1,Relaxation,Exploring new places,4,true,3
2024-08-31 17:36:04,true,Under 25,6-9,Adventure,Personal growth,10,true,3
2024-09-14 21:46:54,true,Under 25,0-1,Budget-friendly,Meeting new people,9,false,9
2024-07-30 12:26:51,true,Under 25,6-9,Adventure,Meeting new people,3,true,4
2024-09-10 18:25:24,true,55+,10+,Self-discovery,Practicing a new language,1,true,9
2024-09-06 03:39:46,true,25-34,2-5,Budget-friendly,Exploring new places,9,true,5
2024-06-05 09:11:40,false,35-44,6-9,Cultural Immersion,Practicing a new language,3,false,3
2024-06-20 14:16:53,true,Under 25,0-1,Budget-friendly,Practicing a new language,3,true,2
2024-10-31 18:09:32,false,45-54,10+,Budget-friendly,Trying new food,2,false,5
2024-04-20 23:23:04,true,35-44,6-9,Self-discovery,Trying new food,6,false,1
2025-01-05 22:09:40,false,35-44,2-5,Cultural Immersion,Personal growth,8,false,8
2024-06-08 19:29:35,true,55+,6-9,Cultural Immersion,Personal growth,5,true,5
2024-05-05 07:39:58,false,55+,6-9,Cultural Immersion,Exploring new places,5,true,6
2024-03-11 18:07:41,true,Under 25,0-1,Self-discovery,Meeting new people,7,true,8
2025-01-02 23:06:28,false,Under 25,10+,Cultural Immersion,Meeting new people,10,true,8
2025-01-02 20:40:38,true,Under 25,6-9,Budget-friendly,Practicing a new language,10,false,3
2024-10-21 22:46:19,false,35-44,0-1,Relaxation,Personal growth,7,false,3
2024-10-18 18:11:52,false,35-44,2-5,Self-discovery,Exploring new places,10,true,5
2024-03-14 04:38:59,true,Under 25,0-1,Budget-friendly,Practicing a new language,9,false,2
2024-09-29 17:01:50,false,25-34,0-1,Cultural Immersion,Personal growth,6,true,1
2024-03-05 02:37:25,false,Under 25,2-5,Cultural Immersion,Exploring new places,3,true,3
2024-06-07 18:01:35,true,35-44,10+,Adventure,Exploring new places,7,true,6
2024-03-25 23:52:36,true,55+,6-9,Budget-friendly,Practicing a new language,7,false,1
2024-11-28 04:37:04,false,55+,10+,Budget-friendly,Trying new food,4,false,2
2024-06-13 23:11:52,true,45-54,6-9,Relaxation,Personal growth,7,true,3
2024-07-24 13:00:30,true,45-54,0-1,Relaxation,Exploring new places,6,true,7
2024-06-26 19:12:58,false,45-54,10+,Adventure,Trying new food,6,true,8
2024-05-02 05:55:47,true,55+,2-5,Self-discovery,Personal growth,7,true,4
2024-06-02 11:33:42,false,55+,6-9,Cultural Immersion,Meeting new people,6,false,1
2024-03-10 22:58:41,false,55+,0-1,Budget-friendly,Personal growth,8,false,8
2024-06-17 17:43:33,true,Under 25,10+,Relaxation,Practicing a new language,7,true,8
2024-06-14 18:49:48,false,55+,6-9,Adventure,Personal growth,10,true,6
2024-08-26 16:02:41,true,Under 25,2-5,Budget-friendly,Practicing a new language,9,false,3
2024-03-26 13:50:59,true,45-54,0-1,Cultural Immersion,Meeting new people,1,false,2
2024-07-12 09:29:22,true,55+,6-9,Cultural Immersion,Personal growth,4,true,9
2024-03-06 18:42:13,false,35-44,2-5,Cultural Immersion,Trying new food,8,true,5
2024-07-02 14:17:59,false,55+,6-9,Adventure,Practicing a new language,2,true,8
2024-04-27 09:10:14,false,45-54,2-5,Self-discovery,Trying new food,8,false,4
2025-02-20 05:27:09,true,Under 25,10+,Budget-friendly,Practicing a new language,2,false,9
2024-09-22 03:16:12,true,55+,10+,Self-discovery,Exploring new places,4,true,9
2024-07-21 14:30:30,false,Under 25,2-5,Self-discovery,Practicing a new language,6,true,4
2024-04-06 12:17:47,true,25-34,2-5,Budget-friendly,Personal growth,7,false,5
2025-02-10 11:26:10,false,Under 25,10+,Budget-friendly,Practicing a new language,1,true,1
2024-05-19 13:35:47,false,25-34,10+,Budget-friendly,Trying new food,2,true,8
2025-01-07 00:31:34,true,45-54,10+,Budget-friendly,Practicing a new language,8,false,8
2024-11-27 10:35:17,true,55+,10+,Cultural Immersion,Meeting new people,8,false,7
2024-03-19 06:27:05,true,55+,6-9,Relaxation,Exploring new places,9,false,3
2024-03-03 17:19:31,false,55+,0-1,Cultural Immersion,Practicing a new language,6,false,10
2024-12-20 21:05:31,true,55+,6-9,Budget-friendly,Exploring new places,9,false,8
2024-09-08 21:43:45,false,45-54,6-9,Adventure,Meeting new people,2,false,4
2024-11-24 06:25:09,true,45-54,2-5,Self-discovery,Personal growth,10,false,2
2024-04-16 09:37:09,false,45-54,2-5,Adventure,Trying new food,7,true,3
2024-07-06 14:27:33,true,25-34,0-1,Cultural Immersion,Personal growth,7,false,8
2025-01-02 09:41:40,true,35-44,2-5,Adventure,Trying new food,3,false,9
2024-05-28 05:06:46,false,Under 25,0-1,Self-discovery,Personal growth,8,true,1
2024-12-28 18:50:02,true,Under 25,2-5,Cultural Immersion,Meeting new people,4,true,5
2024-12-01 07:55:53,true,45-54,10+,Cultural Immersion,Personal growth,3,true,8
2025-01-10 22:52:04,true,35-44,2-5,Self-discovery,Meeting new people,7,false,8
2025-02-18 19:13:52,true,35-44,2-5,Self-discovery,Meeting new people,9,false,7
2024-05-16 06:49:32,false,Under 25,0-1,Self-discovery,Trying new food,9,true,6
2024-06-20 02:07:17,false,45-54,6-9,Budget-friendly,Meeting new people,8,false,4
2024-06-09 16:02:23,false,35-44,10+,Adventure,Personal growth,2,true,3
2025-02-03 23:39:58,true,35-44,6-9,Relaxation,Meeting new people,2,false,1
2025-02-09 04:56:46,false,35-44,6-9,Self-discovery,Trying new food,8,false,7
2024-03-31 20:04:27,false,45-54,10+,Cultural Immersion,Practicing a new language,3,false,2
2024-11-24 23:02:31,true,25-34,10+,Budget-friendly,Meeting new people,10,true,5
2024-12-18 04:59:43,true,45-54,10+,Adventure,Meeting new people,1,true,6
2024-06-04 07:05:37,true,25-34,0-1,Relaxation,Personal growth,7,true,3
2024-09-26 18:27:45,false,55+,2-5,Self-discovery,Exploring new places,10,true,7
2025-02-26 12:05:39,false,35-44,6-9,Self-discovery,Trying new food,1,false,8
2024-08-19 20:33:52,true,35-44,2-5,Budget-friendly,Practicing a new language,1,true,4
2024-06-27 08:10:00,true,25-34,6-9,Budget-friendly,Exploring new places,1,true,6
2025-01-08 04:48:54,true,55+,10+,Relaxation,Meeting new people,2,true,5
2024-03-21 04:43:31,false,25-34,2-5,Budget-friendly,Practicing a new language,9,false,1
2024-11-12 14:15:47,true,Under 25,2-5,Budget-friendly,Meeting new people,7,false,7
2025-02-23 11:54:56,true,Under 25,10+,Self-discovery,Practicing a new language,10,true,4
2024-10-20 00:49:13,true,45-54,0-1,Cultural Immersion,Trying new food,8,true,1
2024-12-27 18:39:57,false,55+,6-9,Cultural Immersion,Exploring new places,10,true,10
2024-08-30 21:19:27,false,45-54,6-9,Self-discovery,Exploring new places,9,false,2
2024-08-20 11:28:39,true,45-54,2-5,Self-discovery,Practicing a new language,9,false,9
2024-03-07 03:46:30,false,35-44,2-5,Cultural Immersion,Meeting new people,9,true,5
2024-06-29 00:44:11,false,55+,0-1,Self-discovery,Practicing a new language,3,true,8
2024-04-18 15:51:10,true,25-34,0-1,Cultural Immersion,Personal growth,9,true,8
2024-03-13 07:37:58,false,55+,6-9,Relaxation,Practicing a new language,7,false,5
2024-07-15 07:07:02,true,Under 25,0-1,Cultural Immersion,Trying new food,3,true,7
2024-07-29 03:15:46,true,35-44,2-5,Self-discovery,Personal growth,9,true,7
2024-07-06 23:04:26,true,45-54,2-5,Self-discovery,Exploring new places,9,false,10
2025-02-17 10:24:14,true,25-34,6-9,Cultural Immersion,Practicing a new language,5,false,6
2024-03-03 05:32:02,false,45-54,2-5,Budget-friendly,Trying new food,1,false,5
2024-12-12 21:53:18,false,45-54,0-1,Relaxation,Practicing a new language,4,true,5
2024-09-06 02:04:04,true,55+,6-9,Self-discovery,Personal growth,7,false,5
2024-10-24 09:06:51,true,55+,0-1,Cultural Immersion,Personal growth,10,false,4
2024-08-18 01:48:23,true,Under 25,2-5,Budget-friendly,Practicing a new language,8,false,1
2025-01-09 22:24:14,true,55+,0-1,Relaxation,Exploring new places,3,true,5
2024-06-11 22:59:15,true,55+,2-5,Cultural Immersion,Practicing a new language,1,false,4
2024-11-05 04:32:34,true,25-34,0-1,Budget-friendly,Personal growth,5,true,1
2024-08-22 09:44:13,true,55+,6-9,Self-discovery,Personal growth,2,false,8
2024-05-05 23:04:26,true,35-44,0-1,Budget-friendly,Personal growth,2,false,3
2024-07-21 15:30:31,false,Under 25,0-1,Budget-friendly,Meeting new people,8,false,2
2024-07-03 21:28:46,true,Under 25,6-9,Cultural Immersion,Practicing a new language,6,false,8
2024-11-25 04:53:31,false,Under 25,6-9,Relaxation,Exploring new places,5,false,2
2024-09-07 05:06:38,true,25-34,2-5,Relaxation,Personal growth,7,true,8
2024-04-05 09:03:53,false,25-34,6-9,Self-discovery,Trying new food,3,false,2
2025-02-23 07:42:38,true,55+,6-9,Relaxation,Exploring new places,1,false,7
2024-08-29 22:01:21,true,45-54,6-9,Adventure,Meeting new people,8,true,3
2024-04-01 11:42:19,true,45-54,6-9,Cultural Immersion,Trying new food,6,true,7
2024-08-16 12:11:53,true,45-54,10+,Self-discovery,Personal growth,7,false,8
2024-04-06 15:55:54,false,Under 25,0-1,Relaxation,Meeting new people,1,true,10
2025-01-23 22:26:18,false,25-34,6-9,Self-discovery,Meeting new people,8,false,2
2024-10-10 16:51:53,true,25-34,0-1,Adventure,Meeting new people,8,false,9
2025-01-15 00:43:49,true,Under 25,2-5,Adventure,Exploring new places,9,true,5
2024-03-23 19:13:44,true,35-44,10+,Relaxation,Exploring new places,6,true,6
2024-04-27 20:50:29,true,35-44,2-5,Budget-friendly,Personal growth,6,false,7
2025-02-18 19:31:06,false,55+,10+,Self-discovery,Meeting new people,8,true,3
2024-06-10 14:24:34,false,25-34,2-5,Relaxation,Practicing a new language,10,false,7
2024-08-11 21:01:24,true,35-44,6-9,Self-discovery,Trying new food,7,false,1
2024-08-05 09:14:22,true,Under 25,2-5,Self-discovery,Practicing a new language,3,false,5
2025-01-07 13:43:24,true,55+,0-1,Self-discovery,Personal growth,1,true,3
2024-04-24 10:21:01,false,35-44,10+,Self-discovery,Meeting new people,7,false,4
2024-11-02 20:17:55,true,55+,0-1,Adventure,Personal growth,3,false,6
2024-07-24 10:49:45,true,55+,0-1,Budget-friendly,Practicing a new language,10,false,7
2025-01-22 20:04:33,false,45-54,6-9,Adventure,Exploring new places,4,false,3
2024-10-12 18:33:17,true,45-54,0-1,Budget-friendly,Practicing a new language,8,true,6
2024-11-19 01:25:24,false,Under 25,10+,Self-discovery,Practicing a new language,2,false,3
2024-04-03 05:03:32,true,Under 25,6-9,Relaxation,Personal growth,8,true,4
2024-11-02 09:35:30,false,25-34,6-9,Self-discovery,Practicing a new language,1,true,2
2024-09-19 23:35:39,true,45-54,10+,Budget-friendly,Exploring new places,6,true,7
2024-09-10 04:33:45,true,55+,2-5,Cultural Immersion,Practicing a new language,5,true,8
2024-04-27 14:06:34,true,45-54,10+,Relaxation,Meeting new people,5,false,8
2025-02-05 06:58:26,false,45-54,6-9,Cultural Immersion,Meeting new people,3,true,4
2024-11-13 18:17:57,true,Under 25,0-1,Relaxation,Exploring new places,4,true,2
2024-03-08 05:02:56,false,55+,6-9,Relaxation,Exploring new places,2,false,8
2024-06-05 01:49:04,false,55+,2-5,Adventure,Exploring new places,2,true,10
2024-04-04 02:43:31,true,35-44,10+,Budget-friendly,Exploring new places,8,false,10
2024-03-10 04:05:56,true,35-44,0-1,Cultural Immersion,Trying new food,8,true,5
2025-02-07 18:42:30,false,35-44,2-5,Adventure,Practicing a new language,6,false,4
2024-11-20 13:42:30,false,45-54,2-5,Adventure,Exploring new places,2,false,1
2024-06-12 02:47:22,false,55+,0-1,Adventure,Meeting new people,2,false,10
2024-07-30 07:13:28,false,Under 25,10+,Cultural Immersion,Trying new food,7,true,8
2024-12-30 05:50:46,false,25-34,0-1,Self-discovery,Meeting new people,3,true,4
2025-01-26 17:15:43,false,Under 25,0-1,Adventure,Meeting new people,7,false,3
2024-05-31 01:12:23,false,Under 25,10+,Self-discovery,Trying new food,6,true,9
2024-12-07 07:11:43,false,25-34,0-1,Cultural Immersion,Exploring new places,3,true,6
2024-09-16 07:06:09,false,55+,6-9,Adventure,Practicing a new language,8,false,1
2024-09-26 14:08:32,false,35-44,6-9,Self-discovery,Personal growth,7,true,10
2024-05-14 04:32:17,true,25-34,2-5,Adventure,Trying new food,9,true,1
2024-03-19 14:06:42,false,Under 25,0-1,Cultural Immersion,Trying new food,7,true,3
2025-01-02 22:17:38,false,35-44,6-9,Relaxation,Personal growth,8,true,1
2024-11-19 00:57:03,true,55+,0-1,Self-discovery,Exploring new places,1,true,2
2024-07-11 15:28:10,false,25-34,6-9,Cultural Immersion,Trying new food,5,true,4
2024-06-03 19:47:04,false,55+,6-9,Relaxation,Exploring new places,1,true,8
2024-09-18 02:24:29,true,Under 25,0-1,Budget-friendly,Personal growth,5,false,10
2024-06-17 08:16:51,false,55+,0-1,Cultural Immersion,Personal growth,7,false,5
2024-03-28 16:59:09,false,45-54,2-5,Self-discovery,Personal growth,4,true,5
2024-07-16 23:22:58,true,45-54,2-5,Budget-friendly,Personal growth,1,false,5
2025-02-20 07:56:41,true,25-34,6-9,Self-discovery,Exploring new places,3,true,2
2024-08-23 17:16:29,true,Under 25,0-1,Budget-friendly,Meeting new people,6,true,4
2024-11-13 03:40:05,true,25-34,2-5,Relaxation,Practicing a new language,7,true,8
2024-11-04 09:40:57,false,45-54,2-5,Adventure,Practicing a new language,4,true,9
2024-05-17 22:05:17,false,35-44,2-5,Cultural Immersion,Meeting new people,6,true,10
2025-02-17 17:29:19,true,35-44,0-1,Budget-friendly,Personal growth,3,false,5
2024-04-29 14:41:42,true,45-54,2-5,Cultural Immersion,Personal growth,5,false,9
2024-03-22 13:06:49,false,55+,6-9,Budget-friendly,Meeting new people,6,false,2
2024-03-12 20:45:18,true,55+,10+,Adventure,Practicing a new language,6,true,3
2024-05-26 08:37:31,true,25-34,2-5,Relaxation,Meeting new people,9,false,3
2024-11-28 19:23:54,true,Under 25,10+,Self-discovery,Practicing a new language,1,false,10
2025-02-26 14:51:32,true,25-34,6-9,Adventure,Personal growth,10,false,10
2024-11-04 19:39:42,true,25-34,10+,Self-discovery,Exploring new places,7,true,1
2025-02-18 09:26:37,false,35-44,10+,Cultural Immersion,Practicing a new language,6,false,9
2024-09-22 02:55:08,false,Under 25,0-1,Adventure,Exploring new places,2,true,10
2024-08-27 08:49:16,true,45-54,2-5,Relaxation,Meeting new people,9,false,3
2024-10-16 12:21:48,true,Under 25,6-9,Cultural Immersion,Meeting new people,6,false,5
2024-03-14 23:39:11,false,Under 25,10+,Budget-friendly,Personal growth,7,true,10
2024-09-08 13:54:51,false,25-34,10+,Budget-friendly,Exploring new places,7,false,8
2024-09-25 19:43:27,true,55+,2-5,Cultural Immersion,Meeting new people,7,false,8
2025-01-13 12:24:20,false,35-44,0-1,Budget-friendly,Exploring new places,10,true,10
2024-06-19 01:46:17,true,35-44,6-9,Self-discovery,Exploring new places,8,true,10
2024-03-05 06:19:31,true,25-34,10+,Adventure,Trying new food,2,true,8
2024-04-08 15:00:47,false,45-54,2-5,Budget-friendly,Personal growth,3,false,2
2024-06-28 19:33:00,false,45-54,10+,Relaxation,Practicing a new language,2,false,8
2024-11-20 01:10:52,true,25-34,10+,Adventure,Meeting new people,7,true,3
2024-03-11 11:01:53,false,25-34,2-5,Relaxation,Meeting new people,1,true,9
2024-04-21 17:07:27,true,45-54,6-9,Self-discovery,Practicing a new language,2,false,4
2024-04-28 00:03:44,true,55+,6-9,Relaxation,Trying new food,7,true,2
2024-08-13 05:29:34,false,55+,2-5,Budget-friendly,Trying new food,3,false,2
2024-12-12 06:23:20,true,Under 25,0-1,Cultural Immersion,Exploring new places,4,true,4
2024-03-30 02:03:38,true,25-34,6-9,Cultural Immersion,Personal growth,9,true,9
2024-03-22 03:34:22,true,55+,0-1,Cultural Immersion,Practicing a new language,9,true,4
2024-10-30 00:26:40,true,Under 25,10+,Budget-friendly,Meeting new people,2,false,7
2024-06-10 08:12:32,true,45-54,10+,Budget-friendly,Practicing a new language,6,false,3
2025-02-04 00:50:06,true,25-34,0-1,Budget-friendly,Practicing a new language,8,false,1
2024-08-16 12:11:44,true,25-34,6-9,Cultural Immersion,Practicing a new language,6,true,8
2024-08-18 14:43:47,true,55+,0-1,Relaxation,Personal growth,2,true,8
2024-09-21 13:58:54,true,Under 25,10+,Relaxation,Practicing a new language,3,true,2
2024-07-22 05:15:02,false,55+,2-5,Relaxation,Practicing a new language,2,false,7
2025-01-21 21:25:50,false,55+,2-5,Budget-friendly,Exploring new places,4,false,3
2025-01-30 06:28:39,true,Under 25,10+,Adventure,Practicing a new language,7,true,8
2024-09-01 13:59:34,false,25-34,0-1,Relaxation,Personal growth,6,true,9
2024-11-13 05:29:48,false,Under 25,0-1,Relaxation,Meeting new people,4,true,3
2024-03-13 06:02:24,true,55+,6-9,Relaxation,Exploring new places,5,true,10
2024-07-28 18:15:32,true,25-34,2-5,Budget-friendly,Trying new food,5,false,1
2025-01-01 15:12:01,true,Under 25,6-9,Adventure,Exploring new places,7,true,4
2024-11-02 13:17:00,true,Under 25,0-1,Self-discovery,Exploring new places,6,false,1
2024-11-24 05:52:50,true,Under 25,10+,Adventure,Trying new food,3,false,10
2024-06-21 23:43:25,true,25-34,0-1,Cultural Immersion,Trying new food,4,false,2
2024-06-06 18:14:24,false,35-44,0-1,Self-discovery,Meeting new people,6,false,7
2024-12-11 20:37:09,false,25-34,6-9,Budget-friendly,Trying new food,8,false,6
2024-08-11 01:06:09,false,35-44,0-1,Cultural Immersion,Practicing a new language,2,false,2
2024-11-10 05:56:21,false,25-34,6-9,Budget-friendly,Meeting new people,1,true,5
2024-07-08 00:32:51,false,55+,2-5,Budget-friendly,Meeting new people,4,false,6
2024-08-04 01:24:29,true,Under 25,6-9,Budget-friendly,Trying new food,1,true,9
2024-07-12 22:36:33,false,35-44,6-9,Self-discovery,Meeting new people,5,true,7
2024-04-07 04:51:58,true,25-34,6-9,Cultural Immersion,Personal growth,1,false,7
2024-12-12 13:29:02,false,35-44,0-1,Relaxation,Personal growth,8,true,2
2024-09-11 07:35:08,true,55+,10+,Self-discovery,Practicing a new language,8,true,1
2024-11-06 13:54:12,false,35-44,6-9,Cultural Immersion,Personal growth,6,false,7
2024-04-30 09:30:13,false,35-44,10+,Adventure,Practicing a new language,4,false,6
2024-12-10 14:32:13,false,25-34,6-9,Cultural Immersion,Personal growth,3,true,7
2025-02-08 10:41:40,false,35-44,10+,Budget-friendly,Trying new food,6,false,8
2024-10-12 11:02:24,false,45-54,2-5,Self-discovery,Personal growth,9,false,5
2024-04-11 20:59:51,false,45-54,2-5,Adventure,Personal growth,7,true,8
2024-12-24 12:50:00,true,Under 25,10+,Relaxation,Exploring new places,7,false,9
2024-03-12 01:22:39,true,35-44,6-9,Self-discovery,Meeting new people,1,true,6
2024-04-09 04:43:17,true,55+,0-1,Budget-friendly,Exploring new places,6,false,10
2024-05-13 02:46:20,false,45-54,6-9,Self-discovery,Personal growth,1,true,8
2024-08-12 11:29:15,true,35-44,6-9,Self-discovery,Trying new food,4,false,3
2024-04-07 10:55:08,false,Under 25,0-1,Cultural Immersion,Personal growth,3,false,5
2024-03-07 16:58:30,false,45-54,10+,Adventure,Meeting new people,4,false,3
2024-03-18 15:28:34,false,25-34,10+,Budget-friendly,Practicing a new language,7,true,7
2024-10-08 08:24:27,true,55+,2-5,Self-discovery,Trying new food,5,true,7
2024-11-04 14:57:34,false,25-34,10+,Budget-friendly,Personal growth,3,true,9
2025-01-08 14:26:29,false,35-44,6-9,Cultural Immersion,Exploring new places,4,true,5
2024-04-08 14:19:08,true,25-34,0-1,Self-discovery,Meeting new people,2,false,9
2024-11-21 09:13:41,false,Under 25,2-5,Relaxation,Trying new food,9,true,6
2024-05-27 06:25:31,false,55+,0-1,Adventure,Trying new food,3,false,8
2024-12-01 23:02:50,true,Under 25,2-5,Self-discovery,Trying new food,7,false,9
2024-12-15 02:22:09,false,45-54,2-5,Relaxation,Personal growth,8,false,3
2024-11-13 12:29:25,false,35-44,2-5,Budget-friendly,Personal growth,7,true,7
2025-01-27 09:41:43,false,55+,2-5,Self-discovery,Meeting new people,6,true,1
2024-10-25 16:22:31,false,25-34,2-5,Self-discovery,Meeting new people,6,false,10
2024-10-18 08:09:04,false,45-54,10+,Budget-friendly,Exploring new places,2,false,9
2024-07-13 13:41:20,false,35-44,6-9,Relaxation,Meeting new people,7,true,7
2025-02-05 20:04:58,false,45-54,0-1,Self-discovery,Trying new food,6,false,3
2024-12-16 19:19:37,true,55+,10+,Cultural Immersion,Practicing a new language,9,false,8
2024-10-12 19:22:47,true,55+,2-5,Cultural Immersion,Personal growth,5,false,5
2024-12-05 22:13:32,false,55+,10+,Budget-friendly,Meeting new people,3,false,9
2024-06-23 01:40:36,false,35-44,2-5,Relaxation,Meeting new people,4,true,7
2024-03-17 17:59:54,true,Under 25,6-9,Self-discovery,Meeting new people,4,true,9
2024-05-08 04:20:15,false,Under 25,2-5,Budget-friendly,Meeting new people,3,false,7
2024-06-21 07:52:34,true,25-34,10+,Cultural Immersion,Exploring new places,5,false,1
2024-09-08 15:05:57,true,55+,2-5,Relaxation,Meeting new people,3,false,3
2024-04-22 17:16:13,true,Under 25,2-5,Relaxation,Trying new food,6,false,2
2024-08-14 12:06:40,true,55+,0-1,Self-discovery,Practicing a new language,3,true,4
2024-07-24 10:20:44,false,25-34,6-9,Adventure,Exploring new places,10,true,1
2024-04-29 23:58:47,true,55+,2-5,Relaxation,Meeting new people,9,true,2
2024-03-23 20:50:29,true,55+,2-5,Budget-friendly,Meeting new people,4,true,6
2024-10-06 17:39:47,false,35-44,2-5,Self-discovery,Trying new food,5,false,5
2024-04-28 23:56:06,true,35-44,0-1,Self-discovery,Trying new food,9,true,10
2024-11-23 01:38:57,false,25-34,0-1,Relaxation,Meeting new people,7,false,10
2024-07-23 00:26:59,true,25-34,0-1,Budget-friendly,Meeting new people,7,false,8
2024-06-04 07:12:17,false,25-34,0-1,Adventure,Personal growth,6,true,7
2024-10-24 08:35:59,true,Under 25,6-9,Relaxation,Exploring new places,9,false,1
2024-08-23 14:52:02,true,Under 25,10+,Cultural Immersion,Personal growth,3,false,3
2024-03-17 19:45:13,true,35-44,0-1,Adventure,Exploring new places,8,true,4
2024-10-26 14:42:02,false,Under 25,6-9,Cultural Immersion,Trying new food,9,true,8
2025-02-26 12:47:36,true,Under 25,10+,Relaxation,Trying new food,3,false,1
2024-12-16 07:43:47,false,25-34,10+,Cultural Immersion,Trying new food,1,true,1
2024-04-13 06:06:21,true,Under 25,6-9,Relaxation,Meeting new people,5,false,8
2024-07-22 08:05:30,false,55+,2-5,Cultural Immersion,Trying new food,5,false,7
2024-05-26 20:55:09,true,35-44,2-5,Relaxation,Meeting new people,5,false,1
2024-10-11 17:26:08,true,45-54,2-5,Relaxation,Practicing a new language,6,true,7
2024-07-05 19:40:30,false,25-34,6-9,Self-discovery,Trying new food,9,true,7
2024-04-01 12:30:13,false,55+,10+,Self-discovery,Meeting new people,7,true,5
2025-02-25 09:11:19,false,Under 25,2-5,Adventure,Personal growth,10,false,1
2024-03-17 08:15:29,false,25-34,10+,Cultural Immersion,Exploring new places,5,false,10
2025-01-04 05:11:24,false,55+,2-5,Budget-friendly,Trying new food,2,true,4
2024-05-01 22:56:00,true,Under 25,0-1,Budget-friendly,Trying new food,10,false,10
2025-02-15 02:49:05,true,35-44,6-9,Budget-friendly,Trying new food,10,false,1
2024-06-03 23:34:34,true,Under 25,0-1,Self-discovery,Trying new food,1,false,8
2024-05-28 00:43:16,false,35-44,10+,Relaxation,Personal growth,3,false,1
2025-02-24 23:18:41,false,55+,10+,Cultural Immersion,Personal growth,4,true,9
2024-09-01 22:17:43,false,45-54,2-5,Adventure,Personal growth,3,false,4
2024-08-18 11:08:24,false,55+,2-5,Cultural Immersion,Exploring new places,7,false,3
2025-01-19 07:24:17,false,Under 25,6-9,Budget-friendly,Personal growth,4,false,9
2024-07-18 08:01:50,false,45-54,10+,Cultural Immersion,Exploring new places,8,true,1
2024-12-16 21:31:06,false,35-44,10+,Adventure,Practicing a new language,9,true,10
2024-09-20 23:24:39,false,Under 25,0-1,Cultural Immersion,Trying new food,5,true,9
2024-11-26 13:09:09,true,25-34,2-5,Adventure,Practicing a new language,4,true,2
2024-05-09 10:11:57,true,45-54,10+,Relaxation,Exploring new places,5,false,9
2024-05-13 19:14:31,true,35-44,10+,Budget-friendly,Practicing a new language,1,true,8
2024-09-26 10:43:08,true,Under 25,2-5,Self-discovery,Personal growth,3,false,10
2025-02-02 20:05:01,false,35-44,6-9,Budget-friendly,Practicing a new language,6,false,5
2024-11-18 14:25:42,true,Under 25,10+,Adventure,Personal growth,5,false,8
2024-07-16 06:23:59,true,55+,2-5,Relaxation,Meeting new people,3,false,1
2024-04-14 19:21:42,false,25-34,2-5,Self-discovery,Meeting new people,6,true,2
2024-08-30 00:59:16,true,25-34,2-5,Cultural Immersion,Exploring new places,1,false,2
2024-10-23 05:13:18,false,Under 25,10+,Budget-friendly,Exploring new places,10,false,9
2024-09-12 22:35:30,true,45-54,6-9,Cultural Immersion,Meeting new people,6,false,3
2024-11-27 08:13:13,true,Under 25,2-5,Budget-friendly,Trying new food,7,false,7
2024-03-22 18:40:53,true,55+,0-1,Cultural Immersion,Practicing a new language,4,false,3
2024-07-17 21:35:09,true,25-34,2-5,Self-discovery,Personal growth,6,true,7
2024-09-10 20:11:21,false,25-34,0-1,Self-discovery,Exploring new places,1,true,10
2024-06-28 03:15:59,false,45-54,2-5,Self-discovery,Trying new food,6,false,4
2024-11-10 10:53:06,false,35-44,0-1,Adventure,Trying new food,1,true,4
2024-03-03 11:48:48,true,35-44,10+,Cultural Immersion,Practicing a new language,1,false,6
2025-01-19 07:46:21,false,Under 25,0-1,Adventure,Meeting new people,5,false,7
2024-08-12 14:19:10,true,45-54,10+,Adventure,Meeting new people,1,false,4
2024-10-14 14:47:10,false,35-44,0-1,Relaxation,Trying new food,10,false,2
2025-01-13 18:12:46,true,Under 25,6-9,Adventure,Personal growth,4,false,7
2024-05-23 06:49:08,true,55+,2-5,Relaxation,Trying new food,7,false,9
2024-11-24 00:01:38,true,35-44,10+,Adventure,Exploring new places,9,false,1
